,,neutral,happiness,surprise,sadness,anger,disgust,fear,contempt,unknown,NF
fer0032220.png,"(0, 0, 48, 48)",10,0,0,0,0,0,0,0,0,0
fer0032222.png,"(0, 0, 48, 48)",5,2,3,0,0,0,0,0,0,0
fer0032223.png,"(0, 0, 48, 48)",4,0,0,5,0,0,1,0,0,0
fer0032224.png,"(0, 0, 48, 48)",4,6,0,0,0,0,0,0,0,0
fer0032225.png,"(0, 0, 48, 48)",3,0,0,1,3,2,0,2,0,0
fer0032226.png,"(0, 0, 48, 48)",0,5,5,0,0,0,0,0,0,0
fer0032227.png,"(0, 0, 48, 48)",6,0,0,1,0,0,0,1,2,0
fer0032228.png,"(0, 0, 48, 48)",5,0,0,4,0,0,0,1,0,0
fer0032229.png,"(0, 0, 48, 48)",2,2,4,2,0,0,0,0,0,0
fer0032230.png,"(0, 0, 48, 48)",1,0,4,1,0,0,4,0,0,0
fer0032231.png,"(0, 0, 48, 48)",2,0,4,2,0,0,2,0,0,0
fer0032232.png,"(0, 0, 48, 48)",0,4,1,2,0,0,0,3,0,0
fer0032233.png,"(0, 0, 48, 48)",0,10,0,0,0,0,0,0,0,0
fer0032234.png,"(0, 0, 48, 48)",2,5,2,1,0,0,0,0,0,0
fer0032235.png,"(0, 0, 48, 48)",5,1,0,4,0,0,0,0,0,0
fer0032236.png,"(0, 0, 48, 48)",0,0,0,0,2,4,2,2,0,0
fer0032237.png,"(0, 0, 48, 48)",5,3,0,0,0,0,0,0,2,0
fer0032238.png,"(0, 0, 48, 48)",0,6,3,0,0,0,1,0,0,0
fer0032239.png,"(0, 0, 48, 48)",2,0,4,1,0,0,3,0,0,0
fer0032240.png,"(0, 0, 48, 48)",3,0,0,5,0,0,2,0,0,0
fer0032241.png,"(0, 0, 48, 48)",4,0,0,2,0,3,1,0,0,0
fer0032242.png,"(0, 0, 48, 48)",0,0,4,2,0,0,4,0,0,0
fer0032243.png,"(0, 0, 48, 48)",3,2,2,2,0,1,0,0,0,0
fer0032244.png,"(0, 0, 48, 48)",0,4,6,0,0,0,0,0,0,0
fer0032245.png,"(0, 0, 48, 48)",0,3,3,0,3,0,0,0,1,0
fer0032246.png,"(0, 0, 48, 48)",0,4,1,2,0,0,3,0,0,0
fer0032247.png,"(0, 0, 48, 48)",3,3,3,1,0,0,0,0,0,0
fer0032248.png,"(0, 0, 48, 48)",1,3,5,0,0,0,1,0,0,0
fer0032249.png,"(0, 0, 48, 48)",0,7,2,1,0,0,0,0,0,0
fer0032250.png,"(0, 0, 48, 48)",3,5,2,0,0,0,0,0,0,0
fer0032251.png,"(0, 0, 48, 48)",2,0,5,0,0,0,3,0,0,0
fer0032252.png,"(0, 0, 48, 48)",0,4,2,0,1,0,0,1,2,0
fer0032253.png,"(0, 0, 48, 48)",0,8,2,0,0,0,0,0,0,0
fer0032254.png,"(0, 0, 48, 48)",0,6,3,0,0,0,1,0,0,0
fer0032255.png,"(0, 0, 48, 48)",2,4,4,0,0,0,0,0,0,0
fer0032256.png,"(0, 0, 48, 48)",1,4,3,0,0,0,0,2,0,0
fer0032257.png,"(0, 0, 48, 48)",1,1,0,2,0,4,0,2,0,0
fer0032258.png,"(0, 0, 48, 48)",2,0,0,4,0,0,4,0,0,0
fer0032259.png,"(0, 0, 48, 48)",0,0,3,1,0,0,6,0,0,0
fer0032260.png,"(0, 0, 48, 48)",0,0,0,3,2,0,3,2,0,0
fer0032261.png,"(0, 0, 48, 48)",1,0,7,0,0,0,2,0,0,0
fer0032262.png,"(0, 0, 48, 48)",0,5,2,2,0,1,0,0,0,0
fer0032263.png,"(0, 0, 48, 48)",4,0,0,1,0,0,4,1,0,0
fer0032264.png,"(0, 0, 48, 48)",0,3,2,2,0,3,0,0,0,0
fer0032265.png,"(0, 0, 48, 48)",3,0,3,2,0,0,2,0,0,0
fer0032266.png,"(0, 0, 48, 48)",2,4,2,0,2,0,0,0,0,0
fer0032267.png,"(0, 0, 48, 48)",0,1,0,0,3,3,0,3,0,0
fer0032268.png,"(0, 0, 48, 48)",0,0,0,0,4,4,0,2,0,0
fer0032269.png,"(0, 0, 48, 48)",5,3,1,0,0,0,1,0,0,0
fer0032270.png,"(0, 0, 48, 48)",4,2,2,0,0,0,2,0,0,0
fer0032271.png,"(0, 0, 48, 48)",6,2,2,0,0,0,0,0,0,0
fer0032272.png,"(0, 0, 48, 48)",2,4,4,0,0,0,0,0,0,0
fer0032273.png,"(0, 0, 48, 48)",3,6,1,0,0,0,0,0,0,0
fer0032274.png,"(0, 0, 48, 48)",0,4,4,0,2,0,0,0,0,0
fer0032275.png,"(0, 0, 48, 48)",4,2,4,0,0,0,0,0,0,0
fer0032276.png,"(0, 0, 48, 48)",0,4,0,0,2,3,0,1,0,0
fer0032277.png,"(0, 0, 48, 48)",6,2,0,2,0,0,0,0,0,0
fer0032278.png,"(0, 0, 48, 48)",0,6,3,0,0,1,0,0,0,0
fer0032279.png,"(0, 0, 48, 48)",2,0,6,2,0,0,0,0,0,0
fer0032280.png,"(0, 0, 48, 48)",2,0,0,4,0,0,4,0,0,0
fer0032281.png,"(0, 0, 48, 48)",4,0,3,2,0,0,1,0,0,0
fer0032282.png,"(0, 0, 48, 48)",4,0,4,1,0,0,1,0,0,0
fer0032283.png,"(0, 0, 48, 48)",2,0,0,1,2,2,0,3,0,0
fer0032284.png,"(0, 0, 48, 48)",0,0,5,3,0,0,2,0,0,0
fer0032285.png,"(0, 0, 48, 48)",2,6,2,0,0,0,0,0,0,0
fer0032286.png,"(0, 0, 48, 48)",0,4,2,0,0,0,0,4,0,0
fer0032287.png,"(0, 0, 48, 48)",3,2,2,0,0,0,0,3,0,0
fer0032288.png,"(0, 0, 48, 48)",0,4,2,0,0,2,0,2,0,0
fer0032289.png,"(0, 0, 48, 48)",0,0,5,2,0,0,3,0,0,0
fer0032290.png,"(0, 0, 48, 48)",0,0,5,4,1,0,0,0,0,0
fer0032291.png,"(0, 0, 48, 48)",3,0,4,2,0,0,1,0,0,0
fer0032292.png,"(0, 0, 48, 48)",0,2,3,3,0,2,0,0,0,0
fer0032293.png,"(0, 0, 48, 48)",6,0,0,2,0,0,0,2,0,0
fer0032294.png,"(0, 0, 48, 48)",6,0,0,3,0,0,0,1,0,0
fer0032295.png,"(0, 0, 48, 48)",4,0,0,0,0,4,0,2,0,0
fer0032296.png,"(0, 0, 48, 48)",0,4,0,0,1,0,0,2,3,0
fer0032297.png,"(0, 0, 48, 48)",0,6,0,1,0,0,0,2,1,0
fer0032298.png,"(0, 0, 48, 48)",0,5,0,2,0,3,0,0,0,0
fer0032299.png,"(0, 0, 48, 48)",4,4,0,0,0,0,0,0,2,0
fer0032300.png,"(0, 0, 48, 48)",4,0,0,2,0,1,0,3,0,0
fer0032301.png,"(0, 0, 48, 48)",2,2,0,0,0,3,0,3,0,0
fer0032302.png,"(0, 0, 48, 48)",0,0,3,2,0,3,0,2,0,0
fer0032303.png,"(0, 0, 48, 48)",0,3,0,4,0,0,1,2,0,0
fer0032304.png,"(0, 0, 48, 48)",3,3,0,0,0,3,0,1,0,0
fer0032305.png,"(0, 0, 48, 48)",1,4,0,0,0,2,0,0,3,0
fer0032306.png,"(0, 0, 48, 48)",3,2,1,2,0,1,0,1,0,0
fer0032307.png,"(0, 0, 48, 48)",1,5,0,0,0,1,0,3,0,0
fer0032308.png,"(0, 0, 48, 48)",0,4,1,2,0,0,1,2,0,0
fer0032309.png,"(0, 0, 48, 48)",1,5,0,0,0,1,0,3,0,0
fer0032310.png,"(0, 0, 48, 48)",0,1,0,0,0,2,2,5,0,0
fer0032311.png,"(0, 0, 48, 48)",4,1,0,1,0,2,0,2,0,0
fer0032312.png,"(0, 0, 48, 48)",0,4,0,1,0,1,1,1,2,0
fer0032313.png,"(0, 0, 48, 48)",3,5,0,0,0,0,0,2,0,0
fer0032314.png,"(0, 0, 48, 48)",4,2,0,2,0,0,2,0,0,0
fer0032315.png,"(0, 0, 48, 48)",1,5,0,2,0,0,0,2,0,0
fer0032316.png,"(0, 0, 48, 48)",1,3,2,2,0,0,2,0,0,0
fer0032317.png,"(0, 0, 48, 48)",2,3,0,0,0,0,0,3,2,0
fer0032318.png,"(0, 0, 48, 48)",6,0,0,2,1,0,0,1,0,0
fer0032319.png,"(0, 0, 48, 48)",2,5,0,0,0,3,0,0,0,0
fer0032320.png,"(0, 0, 48, 48)",3,7,0,0,0,0,0,0,0,0
fer0032321.png,"(0, 0, 48, 48)",2,8,0,0,0,0,0,0,0,0
fer0032322.png,"(0, 0, 48, 48)",3,6,0,1,0,0,0,0,0,0
fer0032323.png,"(0, 0, 48, 48)",7,0,0,3,0,0,0,0,0,0
fer0032324.png,"(0, 0, 48, 48)",7,0,0,0,0,0,0,3,0,0
fer0032325.png,"(0, 0, 48, 48)",5,4,0,1,0,0,0,0,0,0
fer0032326.png,"(0, 0, 48, 48)",1,9,0,0,0,0,0,0,0,0
fer0032327.png,"(0, 0, 48, 48)",5,0,5,0,0,0,0,0,0,0
fer0032328.png,"(0, 0, 48, 48)",5,0,4,1,0,0,0,0,0,0
fer0032329.png,"(0, 0, 48, 48)",6,0,3,0,0,0,1,0,0,0
fer0032330.png,"(0, 0, 48, 48)",4,2,0,1,0,0,0,3,0,0
fer0032331.png,"(0, 0, 48, 48)",1,9,0,0,0,0,0,0,0,0
fer0032332.png,"(0, 0, 48, 48)",2,8,0,0,0,0,0,0,0,0
fer0032333.png,"(0, 0, 48, 48)",2,8,0,0,0,0,0,0,0,0
fer0032334.png,"(0, 0, 48, 48)",4,0,0,6,0,0,0,0,0,0
fer0032335.png,"(0, 0, 48, 48)",2,8,0,0,0,0,0,0,0,0
fer0032336.png,"(0, 0, 48, 48)",1,9,0,0,0,0,0,0,0,0
fer0032337.png,"(0, 0, 48, 48)",0,10,0,0,0,0,0,0,0,0
fer0032338.png,"(0, 0, 48, 48)",2,7,0,0,1,0,0,0,0,0
fer0032339.png,"(0, 0, 48, 48)",3,7,0,0,0,0,0,0,0,0
fer0032340.png,"(0, 0, 48, 48)",9,0,0,1,0,0,0,0,0,0
fer0032341.png,"(0, 0, 48, 48)",6,4,0,0,0,0,0,0,0,0
fer0032342.png,"(0, 0, 48, 48)",2,8,0,0,0,0,0,0,0,0
fer0032343.png,"(0, 0, 48, 48)",4,0,0,0,6,0,0,0,0,0
fer0032344.png,"(0, 0, 48, 48)",2,4,0,0,4,0,0,0,0,0
fer0032345.png,"(0, 0, 48, 48)",1,5,0,0,0,0,0,2,2,0
fer0032346.png,"(0, 0, 48, 48)",0,4,0,0,6,0,0,0,0,0
fer0032347.png,"(0, 0, 48, 48)",3,5,2,0,0,0,0,0,0,0
fer0032348.png,"(0, 0, 48, 48)",2,7,0,1,0,0,0,0,0,0
fer0032349.png,"(0, 0, 48, 48)",2,8,0,0,0,0,0,0,0,0
fer0032350.png,"(0, 0, 48, 48)",3,5,0,0,0,1,0,1,0,0
fer0032351.png,"(0, 0, 48, 48)",0,4,0,0,1,3,0,2,0,0
fer0032352.png,"(0, 0, 48, 48)",2,7,0,1,0,0,0,0,0,0
fer0032353.png,"(0, 0, 48, 48)",3,5,0,0,0,0,0,0,2,0
fer0032354.png,"(0, 0, 48, 48)",7,2,0,1,0,0,0,0,0,0
fer0032355.png,"(0, 0, 48, 48)",7,2,0,1,0,0,0,0,0,0
fer0032356.png,"(0, 0, 48, 48)",1,0,0,0,0,6,0,3,0,0
fer0032357.png,"(0, 0, 48, 48)",6,0,0,1,3,0,0,0,0,0
fer0032358.png,"(0, 0, 48, 48)",7,0,0,1,2,0,0,0,0,0
fer0032359.png,"(0, 0, 48, 48)",0,9,0,1,0,0,0,0,0,0
fer0032360.png,"(0, 0, 48, 48)",7,0,0,3,0,0,0,0,0,0
fer0032361.png,"(0, 0, 48, 48)",7,0,0,0,0,0,0,3,0,0
fer0032362.png,"(0, 0, 48, 48)",4,6,0,0,0,0,0,0,0,0
fer0032363.png,"(0, 0, 48, 48)",1,9,0,0,0,0,0,0,0,0
fer0032364.png,"(0, 0, 48, 48)",5,0,0,1,4,0,0,0,0,0
fer0032365.png,"(0, 0, 48, 48)",1,7,0,0,0,0,0,2,0,0
fer0032366.png,"(0, 0, 48, 48)",2,8,0,0,0,0,0,0,0,0
fer0032367.png,"(0, 0, 48, 48)",2,8,0,0,0,0,0,0,0,0
fer0032368.png,"(0, 0, 48, 48)",1,9,0,0,0,0,0,0,0,0
fer0032369.png,"(0, 0, 48, 48)",0,7,0,0,0,0,0,3,0,0
fer0032370.png,"(0, 0, 48, 48)",0,8,0,2,0,0,0,0,0,0
fer0032371.png,"(0, 0, 48, 48)",4,0,0,1,2,0,0,3,0,0
fer0032372.png,"(0, 0, 48, 48)",0,5,0,0,0,0,0,5,0,0
fer0032373.png,"(0, 0, 48, 48)",0,5,0,0,0,0,0,5,0,0
fer0032374.png,"(0, 0, 48, 48)",0,7,0,1,0,2,0,0,0,0
fer0032375.png,"(0, 0, 48, 48)",3,4,0,1,0,2,0,0,0,0
fer0032376.png,"(0, 0, 48, 48)",0,8,0,0,0,0,0,2,0,0
fer0032377.png,"(0, 0, 48, 48)",4,3,0,3,0,0,0,0,0,0
fer0032378.png,"(0, 0, 48, 48)",4,6,0,0,0,0,0,0,0,0
fer0032379.png,"(0, 0, 48, 48)",4,6,0,0,0,0,0,0,0,0
fer0032380.png,"(0, 0, 48, 48)",0,10,0,0,0,0,0,0,0,0
fer0032381.png,"(0, 0, 48, 48)",2,8,0,0,0,0,0,0,0,0
fer0032382.png,"(0, 0, 48, 48)",4,2,0,0,3,0,0,1,0,0
fer0032383.png,"(0, 0, 48, 48)",0,8,0,0,2,0,0,0,0,0
fer0032384.png,"(0, 0, 48, 48)",2,8,0,0,0,0,0,0,0,0
fer0032385.png,"(0, 0, 48, 48)",2,7,0,1,0,0,0,0,0,0
fer0032386.png,"(0, 0, 48, 48)",4,6,0,0,0,0,0,0,0,0
fer0032387.png,"(0, 0, 48, 48)",5,0,0,0,5,0,0,0,0,0
fer0032388.png,"(0, 0, 48, 48)",0,7,0,0,0,0,0,3,0,0
fer0032389.png,"(0, 0, 48, 48)",1,7,0,0,0,0,0,2,0,0
fer0032390.png,"(0, 0, 48, 48)",0,9,0,0,1,0,0,0,0,0
fer0032391.png,"(0, 0, 48, 48)",2,8,0,0,0,0,0,0,0,0
fer0032392.png,"(0, 0, 48, 48)",6,3,0,1,0,0,0,0,0,0
fer0032393.png,"(0, 0, 48, 48)",6,3,0,1,0,0,0,0,0,0
fer0032394.png,"(0, 0, 48, 48)",6,3,0,1,0,0,0,0,0,0
fer0032395.png,"(0, 0, 48, 48)",7,3,0,0,0,0,0,0,0,0
fer0032396.png,"(0, 0, 48, 48)",2,5,0,0,0,0,0,0,3,0
fer0032397.png,"(0, 0, 48, 48)",4,0,0,0,6,0,0,0,0,0
fer0032398.png,"(0, 0, 48, 48)",8,0,0,0,2,0,0,0,0,0
fer0032399.png,"(0, 0, 48, 48)",7,0,0,0,0,0,0,0,3,0
fer0032400.png,"(0, 0, 48, 48)",7,0,0,3,0,0,0,0,0,0
fer0032401.png,"(0, 0, 48, 48)",3,7,0,0,0,0,0,0,0,0
fer0032402.png,"(0, 0, 48, 48)",1,6,0,0,0,0,0,3,0,0
fer0032403.png,"(0, 0, 48, 48)",1,6,0,0,0,0,0,3,0,0
fer0032404.png,"(0, 0, 48, 48)",4,6,0,0,0,0,0,0,0,0
fer0032405.png,"(0, 0, 48, 48)",3,6,0,0,0,0,1,0,0,0
fer0032406.png,"(0, 0, 48, 48)",3,6,1,0,0,0,0,0,0,0
fer0032407.png,"(0, 0, 48, 48)",5,5,0,0,0,0,0,0,0,0
fer0032408.png,"(0, 0, 48, 48)",4,5,0,0,0,0,0,0,1,0
fer0032409.png,"(0, 0, 48, 48)",0,10,0,0,0,0,0,0,0,0
fer0032410.png,"(0, 0, 48, 48)",5,0,0,0,5,0,0,0,0,0
fer0032411.png,"(0, 0, 48, 48)",0,7,0,0,0,0,0,3,0,0
fer0032412.png,"(0, 0, 48, 48)",4,6,0,0,0,0,0,0,0,0
fer0032413.png,"(0, 0, 48, 48)",1,6,0,0,0,0,0,3,0,0
fer0032414.png,"(0, 0, 48, 48)",4,4,0,2,0,0,0,0,0,0
fer0032415.png,"(0, 0, 48, 48)",1,6,0,0,0,0,0,3,0,0
fer0032416.png,"(0, 0, 48, 48)",1,4,0,0,0,0,0,5,0,0
fer0032417.png,"(0, 0, 48, 48)",4,5,0,1,0,0,0,0,0,0
fer0032418.png,"(0, 0, 48, 48)",3,6,0,0,0,0,0,1,0,0
fer0032419.png,"(0, 0, 48, 48)",2,6,0,2,0,0,0,0,0,0
fer0032420.png,"(0, 0, 48, 48)",2,7,0,1,0,0,0,0,0,0
fer0032421.png,"(0, 0, 48, 48)",2,4,0,0,0,0,0,4,0,0
fer0032422.png,"(0, 0, 48, 48)",3,7,0,0,0,0,0,0,0,0
fer0032423.png,"(0, 0, 48, 48)",0,10,0,0,0,0,0,0,0,0
fer0032424.png,"(0, 0, 48, 48)",1,9,0,0,0,0,0,0,0,0
fer0032425.png,"(0, 0, 48, 48)",1,9,0,0,0,0,0,0,0,0
fer0032426.png,"(0, 0, 48, 48)",4,0,4,0,0,0,2,0,0,0
fer0032427.png,"(0, 0, 48, 48)",0,0,0,0,4,0,4,2,0,0
fer0032428.png,"(0, 0, 48, 48)",0,9,0,1,0,0,0,0,0,0
fer0032429.png,"(0, 0, 48, 48)",0,9,0,0,1,0,0,0,0,0
fer0032430.png,"(0, 0, 48, 48)",3,3,3,0,0,0,0,0,1,0
fer0032431.png,"(0, 0, 48, 48)",0,0,9,0,0,0,1,0,0,0
fer0032432.png,"(0, 0, 48, 48)",0,0,0,0,10,0,0,0,0,0
fer0032433.png,"(0, 0, 48, 48)",2,1,0,0,0,0,0,7,0,0
fer0032434.png,"(0, 0, 48, 48)",4,0,0,6,0,0,0,0,0,0
fer0032435.png,"(0, 0, 48, 48)",4,0,0,2,0,2,0,0,2,0
fer0032436.png,"(0, 0, 48, 48)",5,0,2,3,0,0,0,0,0,0
fer0032437.png,"(0, 0, 48, 48)",6,0,0,2,0,0,0,2,0,0
fer0032438.png,"(0, 0, 48, 48)",6,3,1,0,0,0,0,0,0,0
fer0032439.png,"(0, 0, 48, 48)",5,2,3,0,0,0,0,0,0,0
fer0032440.png,"(0, 0, 48, 48)",5,3,2,0,0,0,0,0,0,0
fer0032441.png,"(0, 0, 48, 48)",5,3,2,0,0,0,0,0,0,0
fer0032442.png,"(0, 0, 48, 48)",0,6,2,0,0,0,0,0,2,0
fer0032443.png,"(0, 0, 48, 48)",7,1,0,1,0,1,0,0,0,0
fer0032444.png,"(0, 0, 48, 48)",5,4,0,0,0,0,0,1,0,0
fer0032445.png,"(0, 0, 48, 48)",0,5,0,0,5,0,0,0,0,0
fer0032446.png,"(0, 0, 48, 48)",6,4,0,0,0,0,0,0,0,0
fer0032447.png,"(0, 0, 48, 48)",6,4,0,0,0,0,0,0,0,0
fer0032448.png,"(0, 0, 48, 48)",6,0,0,2,0,0,2,0,0,0
fer0032449.png,"(0, 0, 48, 48)",0,4,0,0,2,0,0,4,0,0
fer0032450.png,"(0, 0, 48, 48)",2,8,0,0,0,0,0,0,0,0
fer0032451.png,"(0, 0, 48, 48)",4,6,0,0,0,0,0,0,0,0
fer0032452.png,"(0, 0, 48, 48)",1,7,0,0,0,0,0,2,0,0
fer0032453.png,"(0, 0, 48, 48)",3,7,0,0,0,0,0,0,0,0
fer0032454.png,"(0, 0, 48, 48)",1,7,0,0,0,0,0,2,0,0
fer0032455.png,"(0, 0, 48, 48)",5,5,0,0,0,0,0,0,0,0
fer0032456.png,"(0, 0, 48, 48)",4,6,0,0,0,0,0,0,0,0
fer0032457.png,"(0, 0, 48, 48)",2,6,0,0,0,0,0,2,0,0
fer0032458.png,"(0, 0, 48, 48)",5,5,0,0,0,0,0,0,0,0
fer0032459.png,"(0, 0, 48, 48)",3,7,0,0,0,0,0,0,0,0
fer0032460.png,"(0, 0, 48, 48)",2,6,2,0,0,0,0,0,0,0
fer0032461.png,"(0, 0, 48, 48)",8,0,0,2,0,0,0,0,0,0
fer0032462.png,"(0, 0, 48, 48)",0,5,0,0,0,0,0,5,0,0
fer0032463.png,"(0, 0, 48, 48)",0,5,0,0,0,0,0,5,0,0
fer0032464.png,"(0, 0, 48, 48)",5,5,0,0,0,0,0,0,0,0
fer0032465.png,"(0, 0, 48, 48)",4,5,0,0,0,0,0,1,0,0
fer0032466.png,"(0, 0, 48, 48)",4,5,0,0,0,0,0,1,0,0
fer0032467.png,"(0, 0, 48, 48)",1,8,0,0,0,0,0,1,0,0
fer0032468.png,"(0, 0, 48, 48)",2,8,0,0,0,0,0,0,0,0
fer0032469.png,"(0, 0, 48, 48)",1,9,0,0,0,0,0,0,0,0
fer0032470.png,"(0, 0, 48, 48)",0,8,2,0,0,0,0,0,0,0
fer0032471.png,"(0, 0, 48, 48)",0,7,3,0,0,0,0,0,0,0
fer0032472.png,"(0, 0, 48, 48)",4,4,0,0,0,0,0,2,0,0
fer0032473.png,"(0, 0, 48, 48)",6,4,0,0,0,0,0,0,0,0
fer0032474.png,"(0, 0, 48, 48)",2,5,0,0,0,0,0,3,0,0
fer0032475.png,"(0, 0, 48, 48)",2,8,0,0,0,0,0,0,0,0
fer0032476.png,"(0, 0, 48, 48)",3,0,5,0,0,0,2,0,0,0
fer0032477.png,"(0, 0, 48, 48)",3,6,0,0,0,0,0,1,0,0
fer0032478.png,"(0, 0, 48, 48)",1,9,0,0,0,0,0,0,0,0
fer0032479.png,"(0, 0, 48, 48)",2,8,0,0,0,0,0,0,0,0
fer0032480.png,"(0, 0, 48, 48)",2,0,0,0,6,0,0,2,0,0
fer0032481.png,"(0, 0, 48, 48)",4,5,0,1,0,0,0,0,0,0
fer0032482.png,"(0, 0, 48, 48)",2,8,0,0,0,0,0,0,0,0
fer0032483.png,"(0, 0, 48, 48)",0,10,0,0,0,0,0,0,0,0
fer0032484.png,"(0, 0, 48, 48)",3,5,0,2,0,0,0,0,0,0
fer0032485.png,"(0, 0, 48, 48)",3,5,0,0,0,0,0,2,0,0
fer0032486.png,"(0, 0, 48, 48)",2,6,0,2,0,0,0,0,0,0
fer0032487.png,"(0, 0, 48, 48)",4,2,0,0,0,0,0,4,0,0
fer0032488.png,"(0, 0, 48, 48)",3,6,0,0,0,0,0,1,0,0
fer0032489.png,"(0, 0, 48, 48)",6,0,0,0,4,0,0,0,0,0
fer0032490.png,"(0, 0, 48, 48)",5,5,0,0,0,0,0,0,0,0
fer0032491.png,"(0, 0, 48, 48)",4,5,0,0,0,1,0,0,0,0
fer0032492.png,"(0, 0, 48, 48)",1,9,0,0,0,0,0,0,0,0
fer0032493.png,"(0, 0, 48, 48)",1,8,0,1,0,0,0,0,0,0
fer0032494.png,"(0, 0, 48, 48)",5,0,0,0,2,0,0,3,0,0
fer0032495.png,"(0, 0, 48, 48)",2,6,0,0,0,0,0,0,2,0
fer0032496.png,"(0, 0, 48, 48)",5,2,0,0,0,0,0,3,0,0
fer0032497.png,"(0, 0, 48, 48)",0,8,0,0,0,0,0,2,0,0
fer0032498.png,"(0, 0, 48, 48)",1,6,0,3,0,0,0,0,0,0
fer0032499.png,"(0, 0, 48, 48)",0,7,2,0,0,0,0,1,0,0
fer0032500.png,"(0, 0, 48, 48)",0,0,0,1,0,3,3,3,0,0
fer0032501.png,"(0, 0, 48, 48)",1,9,0,0,0,0,0,0,0,0
fer0032502.png,"(0, 0, 48, 48)",3,2,0,0,0,2,0,3,0,0
fer0032503.png,"(0, 0, 48, 48)",2,6,0,0,0,2,0,0,0,0
fer0032504.png,"(0, 0, 48, 48)",2,6,0,0,0,0,0,2,0,0
fer0032505.png,"(0, 0, 48, 48)",2,4,0,4,0,0,0,0,0,0
fer0032506.png,"(0, 0, 48, 48)",2,0,6,0,0,0,2,0,0,0
fer0032507.png,"(0, 0, 48, 48)",3,4,0,0,0,0,0,3,0,0
fer0032508.png,"(0, 0, 48, 48)",0,0,0,0,5,0,0,5,0,0
fer0032509.png,"(0, 0, 48, 48)",0,4,0,0,4,0,0,2,0,0
fer0032510.png,"(0, 0, 48, 48)",0,6,0,0,2,0,0,2,0,0
fer0032511.png,"(0, 0, 48, 48)",8,0,0,0,0,1,0,1,0,0
fer0032512.png,"(0, 0, 48, 48)",3,0,0,7,0,0,0,0,0,0
fer0032513.png,"(0, 0, 48, 48)",0,3,0,3,0,2,0,2,0,0
fer0032514.png,"(0, 0, 48, 48)",4,4,0,2,0,0,0,0,0,0
fer0032515.png,"(0, 0, 48, 48)",0,4,0,0,2,2,0,2,0,0
fer0032516.png,"(0, 0, 48, 48)",3,4,0,2,0,0,0,1,0,0
fer0032517.png,"(0, 0, 48, 48)",0,9,0,1,0,0,0,0,0,0
fer0032518.png,"(0, 0, 48, 48)",5,3,0,1,0,0,0,1,0,0
fer0032519.png,"(0, 0, 48, 48)",0,8,0,0,0,0,0,2,0,0
fer0032520.png,"(0, 0, 48, 48)",5,5,0,0,0,0,0,0,0,0
fer0032521.png,"(0, 0, 48, 48)",6,3,0,0,0,0,0,1,0,0
fer0032522.png,"(0, 0, 48, 48)",0,7,3,0,0,0,0,0,0,0
fer0032523.png,"(0, 0, 48, 48)",6,0,0,3,1,0,0,0,0,0
fer0032524.png,"(0, 0, 48, 48)",6,0,0,2,1,0,0,1,0,0
fer0032526.png,"(0, 0, 48, 48)",5,5,0,0,0,0,0,0,0,0
fer0032527.png,"(0, 0, 48, 48)",0,5,0,0,1,1,0,3,0,0
fer0032528.png,"(0, 0, 48, 48)",3,3,0,0,0,0,0,4,0,0
fer0032529.png,"(0, 0, 48, 48)",3,7,0,0,0,0,0,0,0,0
fer0032530.png,"(0, 0, 48, 48)",0,0,0,0,3,0,0,7,0,0
fer0032531.png,"(0, 0, 48, 48)",6,3,0,0,0,0,0,1,0,0
fer0032532.png,"(0, 0, 48, 48)",4,0,0,2,3,1,0,0,0,0
fer0032533.png,"(0, 0, 48, 48)",0,10,0,0,0,0,0,0,0,0
fer0032534.png,"(0, 0, 48, 48)",0,0,0,10,0,0,0,0,0,0
fer0032535.png,"(0, 0, 48, 48)",5,0,0,2,0,1,0,2,0,0
fer0032536.png,"(0, 0, 48, 48)",0,6,0,1,0,0,0,3,0,0
fer0032537.png,"(0, 0, 48, 48)",3,0,0,4,2,0,0,1,0,0
fer0032538.png,"(0, 0, 48, 48)",4,0,1,5,0,0,0,0,0,0
fer0032539.png,"(0, 0, 48, 48)",4,1,0,0,0,0,0,1,4,0
fer0032540.png,"(0, 0, 48, 48)",5,1,0,4,0,0,0,0,0,0
fer0032541.png,"(0, 0, 48, 48)",0,10,0,0,0,0,0,0,0,0
fer0032542.png,"(0, 0, 48, 48)",4,0,0,6,0,0,0,0,0,0
fer0032543.png,"(0, 0, 48, 48)",0,0,0,0,2,0,0,8,0,0
fer0032544.png,"(0, 0, 48, 48)",3,3,0,0,0,0,0,4,0,0
fer0032545.png,"(0, 0, 48, 48)",0,9,0,0,0,0,1,0,0,0
fer0032546.png,"(0, 0, 48, 48)",0,7,0,0,0,0,0,3,0,0
fer0032547.png,"(0, 0, 48, 48)",0,10,0,0,0,0,0,0,0,0
fer0032548.png,"(0, 0, 48, 48)",0,10,0,0,0,0,0,0,0,0
fer0032549.png,"(0, 0, 48, 48)",0,8,0,0,0,0,0,2,0,0
fer0032550.png,"(0, 0, 48, 48)",0,9,0,0,1,0,0,0,0,0
fer0032551.png,"(0, 0, 48, 48)",5,2,3,0,0,0,0,0,0,0
fer0032552.png,"(0, 0, 48, 48)",7,0,3,0,0,0,0,0,0,0
fer0032553.png,"(0, 0, 48, 48)",3,3,2,0,0,0,0,2,0,0
fer0032554.png,"(0, 0, 48, 48)",0,8,0,0,0,0,0,2,0,0
fer0032555.png,"(0, 0, 48, 48)",3,5,0,2,0,0,0,,0,0
fer0032556.png,"(0, 0, 48, 48)",0,7,0,2,0,0,1,0,0,0
fer0032557.png,"(0, 0, 48, 48)",0,7,0,0,0,0,0,3,0,0
fer0032558.png,"(0, 0, 48, 48)",0,7,0,0,0,0,0,3,0,0
fer0032559.png,"(0, 0, 48, 48)",0,6,0,0,2,0,0,2,0,0
fer0032560.png,"(0, 0, 48, 48)",3,0,0,7,0,0,0,0,0,0
fer0032561.png,"(0, 0, 48, 48)",0,10,0,0,0,0,0,0,0,0
fer0032562.png,"(0, 0, 48, 48)",5,0,0,5,0,0,0,0,0,0
fer0032563.png,"(0, 0, 48, 48)",5,0,0,5,0,0,0,0,0,0
fer0032564.png,"(0, 0, 48, 48)",5,2,0,3,0,0,0,0,0,0
fer0032565.png,"(0, 0, 48, 48)",5,0,0,5,0,0,0,0,0,0
fer0032566.png,"(0, 0, 48, 48)",0,0,0,10,0,0,0,0,0,0
fer0032567.png,"(0, 0, 48, 48)",5,0,0,5,0,0,0,0,0,0
fer0032568.png,"(0, 0, 48, 48)",0,10,0,0,0,0,0,0,0,0
fer0032569.png,"(0, 0, 48, 48)",5,2,0,3,0,0,0,0,0,0
fer0032570.png,"(0, 0, 48, 48)",0,9,0,0,0,0,0,1,0,0
fer0032571.png,"(0, 0, 48, 48)",8,0,0,2,0,0,0,0,0,0
fer0032572.png,"(0, 0, 48, 48)",0,9,0,0,0,0,0,1,0,0
fer0032573.png,"(0, 0, 48, 48)",0,8,0,0,0,0,2,0,0,0
fer0032574.png,"(0, 0, 48, 48)",0,8,0,0,0,0,2,0,0,0
fer0032575.png,"(0, 0, 48, 48)",0,9,0,0,0,0,0,0,1,0
fer0032576.png,"(0, 0, 48, 48)",0,8,0,0,0,1,0,0,1,0
fer0032577.png,"(0, 0, 48, 48)",0,9,0,0,1,0,0,0,0,0
fer0032578.png,"(0, 0, 48, 48)",1,1,8,0,0,0,0,0,0,0
fer0032579.png,"(0, 0, 48, 48)",8,2,0,0,0,0,0,0,0,0
fer0032580.png,"(0, 0, 48, 48)",4,5,0,0,0,0,0,1,0,0
fer0032581.png,"(0, 0, 48, 48)",0,8,2,0,0,0,0,0,0,0
fer0032582.png,"(0, 0, 48, 48)",1,9,0,0,0,0,0,0,0,0
fer0032583.png,"(0, 0, 48, 48)",1,8,1,0,0,0,0,0,0,0
fer0032584.png,"(0, 0, 48, 48)",0,8,0,0,0,0,2,0,0,0
fer0032585.png,"(0, 0, 48, 48)",3,7,0,0,0,0,0,0,0,0
fer0032586.png,"(0, 0, 48, 48)",5,5,0,0,0,0,0,0,0,0
fer0032587.png,"(0, 0, 48, 48)",8,1,0,0,0,0,0,1,0,0
fer0032588.png,"(0, 0, 48, 48)",0,10,0,0,0,0,0,0,0,0
fer0032589.png,"(0, 0, 48, 48)",1,8,0,0,0,0,0,1,0,0
fer0032590.png,"(0, 0, 48, 48)",8,0,0,1,0,0,0,0,1,0
fer0032591.png,"(0, 0, 48, 48)",0,10,0,0,0,0,0,0,0,0
fer0032592.png,"(0, 0, 48, 48)",5,0,3,1,0,1,0,0,0,0
fer0032593.png,"(0, 0, 48, 48)",4,4,2,0,0,0,0,0,0,0
fer0032594.png,"(0, 0, 48, 48)",0,6,4,0,0,0,0,0,0,0
fer0032595.png,"(0, 0, 48, 48)",2,0,0,0,8,0,0,0,0,0
fer0032596.png,"(0, 0, 48, 48)",1,0,0,0,9,0,0,0,0,0
fer0032597.png,"(0, 0, 48, 48)",4,6,0,0,0,0,0,0,0,0
fer0032598.png,"(0, 0, 48, 48)",4,0,0,0,0,6,0,0,0,0
fer0032599.png,"(0, 0, 48, 48)",4,0,6,0,0,0,0,0,0,0
fer0032600.png,"(0, 0, 48, 48)",4,1,3,0,0,0,0,2,0,0
fer0032601.png,"(0, 0, 48, 48)",5,0,0,0,5,0,0,0,0,0
fer0032602.png,"(0, 0, 48, 48)",4,4,0,0,0,0,0,2,0,0
fer0032603.png,"(0, 0, 48, 48)",1,0,0,0,0,0,0,9,0,0
fer0032604.png,"(0, 0, 48, 48)",0,10,0,0,0,0,0,0,0,0
fer0032605.png,"(0, 0, 48, 48)",0,0,0,1,0,3,3,3,0,0
fer0032606.png,"(0, 0, 48, 48)",0,10,0,0,0,0,0,0,0,0
fer0032607.png,"(0, 0, 48, 48)",1,0,0,0,4,0,0,5,0,0
fer0032608.png,"(0, 0, 48, 48)",8,0,0,0,0,0,0,2,0,0
fer0032609.png,"(0, 0, 48, 48)",8,0,2,0,0,0,0,0,0,0
fer0032610.png,"(0, 0, 48, 48)",0,10,0,0,0,0,0,0,0,0
fer0032611.png,"(0, 0, 48, 48)",4,0,0,2,0,0,0,4,0,0
fer0032612.png,"(0, 0, 48, 48)",0,9,0,0,0,0,0,1,0,0
fer0032613.png,"(0, 0, 48, 48)",0,3,0,0,0,0,0,7,0,0
fer0032614.png,"(0, 0, 48, 48)",5,5,0,0,0,0,0,0,0,0
fer0032615.png,"(0, 0, 48, 48)",8,0,2,0,0,0,0,0,0,0
fer0032616.png,"(0, 0, 48, 48)",0,7,0,0,0,3,0,0,0,0
fer0032617.png,"(0, 0, 48, 48)",0,8,0,0,0,0,0,2,0,0
fer0032618.png,"(0, 0, 48, 48)",0,10,0,0,0,0,0,0,0,0
fer0032619.png,"(0, 0, 48, 48)",0,10,0,0,0,0,0,0,0,0
fer0032620.png,"(0, 0, 48, 48)",4,6,0,0,0,0,0,0,0,0
fer0032621.png,"(0, 0, 48, 48)",5,5,0,0,0,0,0,0,0,0
fer0032622.png,"(0, 0, 48, 48)",4,1,0,0,0,0,0,5,0,0
fer0032623.png,"(0, 0, 48, 48)",0,10,0,0,0,0,0,0,0,0
fer0032624.png,"(0, 0, 48, 48)",0,6,0,0,0,0,4,0,0,0
fer0032625.png,"(0, 0, 48, 48)",4,2,0,0,0,0,0,4,0,0
fer0032626.png,"(0, 0, 48, 48)",0,9,0,0,0,0,0,1,0,0
fer0032627.png,"(0, 0, 48, 48)",0,8,0,0,2,0,0,0,0,0
fer0032628.png,"(0, 0, 48, 48)",4,6,0,0,0,0,0,0,0,0
fer0032629.png,"(0, 0, 48, 48)",4,6,0,0,0,0,0,0,0,0
fer0032630.png,"(0, 0, 48, 48)",2,5,0,0,0,0,0,3,0,0
fer0032631.png,"(0, 0, 48, 48)",2,3,0,0,3,0,0,2,0,0
fer0032632.png,"(0, 0, 48, 48)",1,6,0,0,0,0,0,3,0,0
fer0032633.png,"(0, 0, 48, 48)",0,8,0,0,0,0,0,2,0,0
fer0032634.png,"(0, 0, 48, 48)",3,3,0,3,0,0,1,0,0,0
fer0032635.png,"(0, 0, 48, 48)",2,4,0,0,0,0,0,4,0,0
fer0032636.png,"(0, 0, 48, 48)",4,6,0,0,0,0,0,0,0,0
fer0032637.png,"(0, 0, 48, 48)",4,6,0,0,0,0,0,0,0,0
fer0032638.png,"(0, 0, 48, 48)",0,8,0,0,0,0,0,2,0,0
fer0032639.png,"(0, 0, 48, 48)",0,9,0,0,0,0,0,4,0,0
fer0032640.png,"(0, 0, 48, 48)",0,9,0,0,0,0,0,1,0,0
fer0032641.png,"(0, 0, 48, 48)",0,8,0,2,0,0,0,0,0,0
fer0032642.png,"(0, 0, 48, 48)",4,0,0,4,0,0,0,2,0,0
fer0032643.png,"(0, 0, 48, 48)",4,0,0,3,0,0,0,3,0,0
fer0032644.png,"(0, 0, 48, 48)",6,0,0,0,0,0,0,4,0,0
fer0032645.png,"(0, 0, 48, 48)",1,9,0,0,0,0,0,0,0,0
fer0032646.png,"(0, 0, 48, 48)",3,6,0,0,0,0,0,1,0,0
fer0032647.png,"(0, 0, 48, 48)",0,10,0,0,0,0,0,0,0,0
fer0032648.png,"(0, 0, 48, 48)",4,4,0,2,0,0,0,0,0,0
fer0032649.png,"(0, 0, 48, 48)",0,2,0,0,3,2,0,3,0,0
fer0032650.png,"(0, 0, 48, 48)",0,8,0,0,0,0,2,0,0,0
fer0032651.png,"(0, 0, 48, 48)",2,8,0,0,0,0,0,0,0,0
fer0032652.png,"(0, 0, 48, 48)",0,8,0,0,0,0,0,2,0,0
fer0032653.png,"(0, 0, 48, 48)",0,10,0,0,0,0,0,0,0,0
fer0032654.png,"(0, 0, 48, 48)",2,4,0,0,0,4,0,0,0,0
fer0032655.png,"(0, 0, 48, 48)",0,7,0,0,0,0,0,3,0,0
fer0032656.png,"(0, 0, 48, 48)",5,1,4,0,0,0,0,0,0,0
fer0032657.png,"(0, 0, 48, 48)",0,10,0,0,0,0,0,0,0,0
fer0032658.png,"(0, 0, 48, 48)",4,2,3,0,0,0,0,0,1,0
fer0032659.png,"(0, 0, 48, 48)",8,0,0,0,0,0,0,0,2,0
fer0032660.png,"(0, 0, 48, 48)",0,10,0,0,0,0,0,0,0,0
fer0032661.png,"(0, 0, 48, 48)",0,8,0,0,0,0,0,0,2,0
fer0032662.png,"(0, 0, 48, 48)",0,9,0,0,0,0,0,0,1,0
fer0032663.png,"(0, 0, 48, 48)",4,0,3,3,0,0,0,0,0,0
fer0032664.png,"(0, 0, 48, 48)",2,0,0,0,1,5,0,2,0,0
fer0032665.png,"(0, 0, 48, 48)",2,5,0,0,0,0,0,0,3,0
fer0032666.png,"(0, 0, 48, 48)",0,5,0,0,0,0,0,5,0,0
fer0032667.png,"(0, 0, 48, 48)",0,8,0,0,0,0,0,2,0,0
fer0032668.png,"(0, 0, 48, 48)",2,8,0,0,0,0,0,0,0,0
fer0032669.png,"(0, 0, 48, 48)",4,6,0,0,0,0,0,0,0,0
fer0032670.png,"(0, 0, 48, 48)",6,0,0,2,2,0,0,0,0,0
fer0032671.png,"(0, 0, 48, 48)",5,5,0,0,0,0,0,0,0,0
fer0032672.png,"(0, 0, 48, 48)",0,7,0,0,3,0,0,0,0,0
fer0032673.png,"(0, 0, 48, 48)",5,5,0,0,0,0,0,0,0,0
fer0032674.png,"(0, 0, 48, 48)",5,4,0,0,0,0,0,1,0,0
fer0032675.png,"(0, 0, 48, 48)",3,6,0,0,0,0,0,1,0,0
fer0032676.png,"(0, 0, 48, 48)",6,0,3,0,0,0,0,1,0,0
fer0032677.png,"(0, 0, 48, 48)",0,5,0,0,0,0,0,5,0,0
fer0032678.png,"(0, 0, 48, 48)",0,5,0,0,0,0,0,5,0,0
fer0032679.png,"(0, 0, 48, 48)",0,10,0,0,0,0,0,0,0,0
fer0032680.png,"(0, 0, 48, 48)",0,0,0,0,10,0,0,0,0,0
fer0032681.png,"(0, 0, 48, 48)",1,4,0,0,2,0,0,3,0,0
fer0032682.png,"(0, 0, 48, 48)",0,7,3,0,0,0,0,0,0,0
fer0032683.png,"(0, 0, 48, 48)",1,1,8,0,0,0,0,0,0,0
fer0032684.png,"(0, 0, 48, 48)",2,0,0,0,0,0,0,8,0,0
fer0032685.png,"(0, 0, 48, 48)",2,0,0,0,0,0,0,8,0,0
fer0032686.png,"(0, 0, 48, 48)",2,4,0,0,0,0,0,4,0,0
fer0032687.png,"(0, 0, 48, 48)",2,6,0,0,0,0,0,2,0,0
fer0032688.png,"(0, 0, 48, 48)",0,8,0,0,2,0,0,0,0,0
fer0032689.png,"(0, 0, 48, 48)",0,10,0,0,0,0,0,0,0,0
fer0032690.png,"(0, 0, 48, 48)",0,1,9,0,0,0,0,0,0,0
fer0032691.png,"(0, 0, 48, 48)",0,8,0,0,0,0,0,2,0,0
fer0032692.png,"(0, 0, 48, 48)",0,2,0,2,0,4,0,2,0,0
fer0032693.png,"(0, 0, 48, 48)",2,0,6,0,0,0,2,0,0,0
fer0032694.png,"(0, 0, 48, 48)",2,0,0,6,2,0,0,0,0,0
fer0032695.png,"(0, 0, 48, 48)",0,0,0,0,10,0,0,0,0,0
fer0032696.png,"(0, 0, 48, 48)",2,8,0,0,0,0,0,0,0,0
fer0032697.png,"(0, 0, 48, 48)",2,8,0,0,0,0,0,0,0,0
fer0032698.png,"(0, 0, 48, 48)",0,8,0,2,0,0,0,0,0,0
fer0032699.png,"(0, 0, 48, 48)",0,0,0,0,8,0,0,2,0,0
fer0032700.png,"(0, 0, 48, 48)",0,5,0,0,3,0,0,2,0,0
fer0032701.png,"(0, 0, 48, 48)",4,0,6,0,0,0,0,0,0,0
fer0032702.png,"(0, 0, 48, 48)",0,8,0,0,0,0,0,2,0,0
fer0032703.png,"(0, 0, 48, 48)",0,9,0,0,0,0,1,0,0,0
fer0032704.png,"(0, 0, 48, 48)",2,8,0,0,0,0,0,0,0,0
fer0032705.png,"(0, 0, 48, 48)",3,6,0,0,0,0,1,0,0,0
fer0032706.png,"(0, 0, 48, 48)",2,6,0,0,0,0,0,2,0,0
fer0032707.png,"(0, 0, 48, 48)",0,4,0,0,0,4,0,2,0,0
fer0032708.png,"(0, 0, 48, 48)",3,7,0,0,0,0,0,0,0,0
fer0032709.png,"(0, 0, 48, 48)",0,10,0,0,0,0,0,0,0,0
fer0032710.png,"(0, 0, 48, 48)",8,0,0,0,0,0,0,2,0,0
fer0032711.png,"(0, 0, 48, 48)",2,8,0,0,0,0,0,0,0,0
fer0032712.png,"(0, 0, 48, 48)",1,0,0,0,0,0,0,9,0,0
fer0032713.png,"(0, 0, 48, 48)",8,0,1,1,0,0,0,0,0,0
fer0032714.png,"(0, 0, 48, 48)",6,0,2,2,0,0,0,0,0,0
fer0032715.png,"(0, 0, 48, 48)",7,3,0,0,0,0,0,0,0,0
fer0032716.png,"(0, 0, 48, 48)",6,4,0,0,0,0,0,0,0,0
fer0032717.png,"(0, 0, 48, 48)",5,5,0,0,0,0,0,0,0,0
fer0032718.png,"(0, 0, 48, 48)",5,5,0,0,0,0,0,0,0,0
fer0032719.png,"(0, 0, 48, 48)",4,6,0,0,0,0,0,0,0,0
fer0032720.png,"(0, 0, 48, 48)",1,0,0,0,0,0,0,9,0,0
fer0032721.png,"(0, 0, 48, 48)",4,6,0,0,0,0,0,0,0,0
fer0032722.png,"(0, 0, 48, 48)",4,6,0,0,0,0,0,0,0,0
fer0032723.png,"(0, 0, 48, 48)",4,6,0,0,0,0,0,0,0,0
fer0032724.png,"(0, 0, 48, 48)",4,0,4,0,0,1,0,1,0,0
fer0032725.png,"(0, 0, 48, 48)",5,0,0,5,0,0,0,0,0,0
fer0032726.png,"(0, 0, 48, 48)",5,0,0,5,0,0,0,0,0,0
fer0032727.png,"(0, 0, 48, 48)",0,0,0,0,5,3,0,2,0,0
fer0032728.png,"(0, 0, 48, 48)",4,4,0,0,0,0,0,0,2,0
fer0032729.png,"(0, 0, 48, 48)",6,0,0,2,0,0,0,2,0,0
fer0032730.png,"(0, 0, 48, 48)",1,4,4,0,0,0,0,1,0,0
fer0032731.png,"(0, 0, 48, 48)",0,9,0,0,0,0,0,1,0,0
fer0032732.png,"(0, 0, 48, 48)",5,4,0,0,0,0,0,1,0,0
fer0032733.png,"(0, 0, 48, 48)",4,4,0,0,0,0,0,2,0,0
fer0032734.png,"(0, 0, 48, 48)",0,9,1,0,0,0,0,0,0,0
fer0032735.png,"(0, 0, 48, 48)",5,5,0,0,0,0,0,0,0,0
fer0032736.png,"(0, 0, 48, 48)",3,7,0,0,0,0,0,0,0,0
fer0032737.png,"(0, 0, 48, 48)",2,5,0,0,0,0,0,3,0,0
fer0032738.png,"(0, 0, 48, 48)",4,0,2,0,0,0,4,0,0,0
fer0032739.png,"(0, 0, 48, 48)",2,2,0,0,0,0,2,4,0,0
fer0032740.png,"(0, 0, 48, 48)",2,2,0,0,0,0,2,4,0,0
fer0032741.png,"(0, 0, 48, 48)",4,6,0,0,0,0,0,0,0,0
fer0032742.png,"(0, 0, 48, 48)",4,6,0,0,0,0,0,0,0,0
fer0032743.png,"(0, 0, 48, 48)",2,6,0,0,0,0,0,2,0,0
fer0032744.png,"(0, 0, 48, 48)",2,6,0,0,0,0,0,2,0,0
fer0032745.png,"(0, 0, 48, 48)",4,0,0,6,0,0,0,0,0,0
fer0032746.png,"(0, 0, 48, 48)",4,0,0,6,0,0,0,0,0,0
fer0032747.png,"(0, 0, 48, 48)",3,4,0,3,0,0,0,0,0,0
fer0032748.png,"(0, 0, 48, 48)",4,2,0,4,0,0,0,0,0,0
fer0032749.png,"(0, 0, 48, 48)",4,6,0,0,0,0,0,0,0,0
fer0032750.png,"(0, 0, 48, 48)",0,0,0,0,3,4,0,3,0,0
fer0032751.png,"(0, 0, 48, 48)",4,0,2,4,0,0,0,0,0,0
fer0032752.png,"(0, 0, 48, 48)",4,0,2,2,0,2,0,0,0,0
fer0032753.png,"(0, 0, 48, 48)",3,7,0,0,0,0,0,0,0,0
fer0032754.png,"(0, 0, 48, 48)",5,0,0,5,0,0,0,0,0,0
fer0032755.png,"(0, 0, 48, 48)",5,5,0,0,0,0,0,0,0,0
fer0032756.png,"(0, 0, 48, 48)",3,7,0,0,0,0,0,0,0,0
fer0032757.png,"(0, 0, 48, 48)",3,2,0,0,0,2,0,3,0,0
fer0032758.png,"(0, 0, 48, 48)",5,2,0,0,0,3,0,0,0,0
fer0032759.png,"(0, 0, 48, 48)",5,2,0,0,0,3,0,0,0,0
fer0032760.png,"(0, 0, 48, 48)",4,6,0,0,0,0,0,0,0,0
fer0032761.png,"(0, 0, 48, 48)",4,6,0,0,0,0,0,0,0,0
fer0032762.png,"(0, 0, 48, 48)",7,3,0,0,0,0,0,0,0,0
fer0032763.png,"(0, 0, 48, 48)",7,3,0,0,0,0,0,0,0,0
fer0032764.png,"(0, 0, 48, 48)",4,5,0,0,0,0,0,1,0,0
fer0032765.png,"(0, 0, 48, 48)",4,5,0,0,0,0,0,1,0,0
fer0032766.png,"(0, 0, 48, 48)",4,6,0,0,0,0,0,0,0,0
fer0032767.png,"(0, 0, 48, 48)",4,6,0,0,0,0,0,0,0,0
fer0032768.png,"(0, 0, 48, 48)",3,7,0,0,0,0,0,0,0,0
fer0032769.png,"(0, 0, 48, 48)",0,7,0,0,0,2,0,1,0,0
fer0032770.png,"(0, 0, 48, 48)",5,5,0,0,0,0,0,0,0,0
fer0032771.png,"(0, 0, 48, 48)",3,0,0,4,2,0,0,1,0,0
fer0032772.png,"(0, 0, 48, 48)",0,0,0,6,0,3,0,1,0,0
fer0032773.png,"(0, 0, 48, 48)",5,5,0,0,0,0,0,0,0,0
fer0032774.png,"(0, 0, 48, 48)",5,0,0,0,2,0,0,3,0,0
fer0032775.png,"(0, 0, 48, 48)",0,10,0,0,0,0,0,0,0,0
fer0032776.png,"(0, 0, 48, 48)",5,5,0,0,0,0,0,0,0,0
fer0032777.png,"(0, 0, 48, 48)",4,4,0,0,0,0,0,2,0,0
fer0032778.png,"(0, 0, 48, 48)",6,2,2,0,0,0,0,0,0,0
fer0032779.png,"(0, 0, 48, 48)",0,10,0,0,0,0,0,0,0,0
fer0032780.png,"(0, 0, 48, 48)",5,5,0,0,0,0,0,0,0,0
fer0032781.png,"(0, 0, 48, 48)",2,8,0,0,0,0,0,0,0,0
fer0032782.png,"(0, 0, 48, 48)",1,9,0,0,0,0,0,0,0,0
fer0032783.png,"(0, 0, 48, 48)",0,7,0,0,1,0,0,2,0,0
fer0032784.png,"(0, 0, 48, 48)",6,3,0,0,1,0,0,0,0,0
fer0032785.png,"(0, 0, 48, 48)",4,5,0,0,0,0,0,1,0,0
fer0032786.png,"(0, 0, 48, 48)",6,3,0,0,1,0,0,0,0,0
fer0032787.png,"(0, 0, 48, 48)",6,2,0,0,0,0,0,2,0,0
fer0032788.png,"(0, 0, 48, 48)",5,5,0,0,0,0,0,0,0,0
fer0032789.png,"(0, 0, 48, 48)",5,1,0,4,0,0,0,0,0,0
fer0032790.png,"(0, 0, 48, 48)",5,5,0,0,0,0,0,0,0,0
fer0032791.png,"(0, 0, 48, 48)",5,5,0,0,0,0,0,0,0,0
fer0032792.png,"(0, 0, 48, 48)",4,6,0,0,0,0,0,0,0,0
fer0032793.png,"(0, 0, 48, 48)",3,0,0,7,0,0,0,0,0,0
fer0032794.png,"(0, 0, 48, 48)",3,7,0,0,0,0,0,0,0,0
fer0032795.png,"(0, 0, 48, 48)",1,0,0,9,0,0,0,0,0,0
fer0032796.png,"(0, 0, 48, 48)",2,0,0,7,0,0,0,0,1,0
fer0032797.png,"(0, 0, 48, 48)",4,0,0,6,0,0,0,0,0,0
fer0032798.png,"(0, 0, 48, 48)",3,2,0,5,0,0,0,0,0,0
fer0032799.png,"(0, 0, 48, 48)",6,4,0,0,0,0,0,0,0,0
fer0032800.png,"(0, 0, 48, 48)",6,0,0,2,0,0,0,2,0,0
fer0032801.png,"(0, 0, 48, 48)",8,2,0,0,0,0,0,0,0,0
fer0032802.png,"(0, 0, 48, 48)",2,6,0,0,1,0,0,1,0,0
fer0032803.png,"(0, 0, 48, 48)",8,2,0,0,0,0,0,0,0,0
fer0032804.png,"(0, 0, 48, 48)",3,7,0,0,0,0,0,0,0,0
fer0032805.png,"(0, 0, 48, 48)",5,0,5,0,0,0,0,0,0,0
fer0032806.png,"(0, 0, 48, 48)",7,0,0,3,0,0,0,0,0,0
fer0032807.png,"(0, 0, 48, 48)",6,0,0,3,0,0,0,1,0,0
fer0032808.png,"(0, 0, 48, 48)",6,4,0,0,0,0,0,0,0,0
fer0032809.png,"(0, 0, 48, 48)",7,3,0,0,0,0,0,0,0,0
fer0032810.png,"(0, 0, 48, 48)",4,0,0,6,0,0,0,0,0,0
fer0032811.png,"(0, 0, 48, 48)",5,0,0,5,0,0,0,0,0,0
fer0032812.png,"(0, 0, 48, 48)",5,0,5,0,0,0,0,0,0,0
fer0032813.png,"(0, 0, 48, 48)",0,5,0,0,0,0,0,5,0,0
fer0032814.png,"(0, 0, 48, 48)",5,0,0,3,0,0,0,0,2,0
fer0032815.png,"(0, 0, 48, 48)",4,0,3,3,0,0,0,0,0,0
fer0032816.png,"(0, 0, 48, 48)",3,0,0,0,0,0,7,0,0,0
fer0032817.png,"(0, 0, 48, 48)",0,10,0,0,0,0,0,0,0,0
fer0032818.png,"(0, 0, 48, 48)",5,0,0,0,3,0,0,2,0,0
fer0032819.png,"(0, 0, 48, 48)",0,10,0,0,0,0,0,0,0,0
fer0032820.png,"(0, 0, 48, 48)",4,6,0,0,0,0,0,0,0,0
fer0032821.png,"(0, 0, 48, 48)",4,6,0,0,0,0,0,0,0,0
fer0032822.png,"(0, 0, 48, 48)",3,7,0,0,0,0,0,0,0,0
fer0032823.png,"(0, 0, 48, 48)",3,7,0,0,0,0,0,0,0,0
fer0032824.png,"(0, 0, 48, 48)",4,0,0,6,0,0,0,0,0,0
fer0032825.png,"(0, 0, 48, 48)",4,0,0,6,0,0,0,0,0,0
fer0032826.png,"(0, 0, 48, 48)",4,6,0,0,0,0,0,0,0,0
fer0032827.png,"(0, 0, 48, 48)",2,6,0,0,0,0,0,2,0,0
fer0032828.png,"(0, 0, 48, 48)",4,3,0,1,0,0,0,0,2,0
fer0032829.png,"(0, 0, 48, 48)",4,0,0,2,0,0,0,0,4,0
fer0032830.png,"(0, 0, 48, 48)",6,2,0,2,0,0,0,0,0,0
fer0032831.png,"(0, 0, 48, 48)",6,2,0,2,0,0,0,0,0,0
fer0032832.png,"(0, 0, 48, 48)",4,6,0,0,0,0,0,0,0,0
fer0032833.png,"(0, 0, 48, 48)",5,5,0,0,0,0,0,0,0,0
fer0032834.png,"(0, 0, 48, 48)",2,8,0,0,0,0,0,0,0,0
fer0032835.png,"(0, 0, 48, 48)",2,8,0,0,0,0,0,0,0,0
fer0032836.png,"(0, 0, 48, 48)",3,0,0,4,2,0,1,0,0,0
fer0032837.png,"(0, 0, 48, 48)",3,0,0,4,2,0,1,0,0,0
fer0032838.png,"(0, 0, 48, 48)",0,0,0,4,2,2,0,2,0,0
fer0032839.png,"(0, 0, 48, 48)",0,0,0,4,2,2,0,2,0,0
fer0032840.png,"(0, 0, 48, 48)",4,0,0,0,1,2,0,3,0,0
fer0032841.png,"(0, 0, 48, 48)",0,0,0,5,5,0,0,0,0,0
fer0032842.png,"(0, 0, 48, 48)",4,0,0,0,1,2,0,3,0,0
fer0032843.png,"(0, 0, 48, 48)",0,0,0,5,5,0,0,0,0,0
fer0032844.png,"(0, 0, 48, 48)",6,4,0,0,0,0,0,0,0,0
fer0032845.png,"(0, 0, 48, 48)",3,7,0,0,0,0,0,0,0,0
fer0032846.png,"(0, 0, 48, 48)",3,7,0,0,0,0,0,0,0,0
fer0032847.png,"(0, 0, 48, 48)",3,7,0,0,0,0,0,0,0,0
fer0032848.png,"(0, 0, 48, 48)",4,6,0,0,0,0,0,0,0,0
fer0032849.png,"(0, 0, 48, 48)",3,7,0,0,0,0,0,0,0,0
fer0032850.png,"(0, 0, 48, 48)",3,7,0,0,0,0,0,0,0,0
fer0032851.png,"(0, 0, 48, 48)",6,4,0,0,0,0,0,0,0,0
fer0032852.png,"(0, 0, 48, 48)",3,0,0,7,0,0,0,0,0,0
fer0032853.png,"(0, 0, 48, 48)",2,0,0,3,5,0,0,0,0,0
fer0032854.png,"(0, 0, 48, 48)",3,7,0,0,0,0,0,0,0,0
fer0032855.png,"(0, 0, 48, 48)",0,0,0,10,0,0,0,0,0,0
fer0032856.png,"(0, 0, 48, 48)",0,0,0,8,2,0,0,0,0,0
fer0032857.png,"(0, 0, 48, 48)",5,0,0,3,0,0,1,0,1,0
fer0032858.png,"(0, 0, 48, 48)",5,0,0,5,0,0,0,0,0,0
fer0032859.png,"(0, 0, 48, 48)",5,5,0,0,0,0,0,0,0,0
fer0032860.png,"(0, 0, 48, 48)",5,5,0,0,0,0,0,0,0,0
fer0032861.png,"(0, 0, 48, 48)",4,0,0,6,0,0,0,0,0,0
fer0032862.png,"(0, 0, 48, 48)",4,0,0,6,0,0,0,0,0,0
fer0032863.png,"(0, 0, 48, 48)",2,0,0,8,0,0,0,0,0,0
fer0032864.png,"(0, 0, 48, 48)",2,0,0,8,0,0,0,0,0,0
fer0032865.png,"(0, 0, 48, 48)",4,0,0,6,0,0,0,0,0,0
fer0032866.png,"(0, 0, 48, 48)",4,0,0,6,0,0,0,0,0,0
fer0032867.png,"(0, 0, 48, 48)",2,0,0,0,8,0,0,0,0,0
fer0032868.png,"(0, 0, 48, 48)",2,0,0,0,8,0,0,0,0,0
fer0032869.png,"(0, 0, 48, 48)",3,7,0,0,0,0,0,0,0,0
fer0032870.png,"(0, 0, 48, 48)",3,7,0,0,0,0,0,0,0,0
fer0032871.png,"(0, 0, 48, 48)",10,0,0,0,0,0,0,0,0,0
fer0032872.png,"(0, 0, 48, 48)",3,7,0,0,0,0,0,0,0,0
fer0032873.png,"(0, 0, 48, 48)",4,6,0,0,0,0,0,0,0,0
fer0032874.png,"(0, 0, 48, 48)",4,0,0,6,0,0,0,0,0,0
fer0032875.png,"(0, 0, 48, 48)",5,0,0,5,0,0,0,0,0,0
fer0032876.png,"(0, 0, 48, 48)",4,0,0,6,0,0,0,0,0,0
fer0032877.png,"(0, 0, 48, 48)",4,6,0,0,0,0,0,0,0,0
fer0032878.png,"(0, 0, 48, 48)",4,6,0,0,0,0,0,0,0,0
fer0032879.png,"(0, 0, 48, 48)",5,5,0,0,0,0,0,0,0,0
fer0032880.png,"(0, 0, 48, 48)",3,7,0,0,0,0,0,0,0,0
fer0032881.png,"(0, 0, 48, 48)",2,8,0,0,0,0,0,0,0,0
fer0032882.png,"(0, 0, 48, 48)",5,0,0,0,0,0,0,5,0,0
fer0032883.png,"(0, 0, 48, 48)",6,4,0,0,0,0,0,0,0,0
fer0032884.png,"(0, 0, 48, 48)",10,0,0,0,0,0,0,0,0,0
fer0032885.png,"(0, 0, 48, 48)",7,1,0,2,0,0,0,0,0,0
fer0032886.png,"(0, 0, 48, 48)",3,7,0,0,0,0,0,0,0,0
fer0032887.png,"(0, 0, 48, 48)",2,7,0,0,1,0,0,0,0,0
fer0032888.png,"(0, 0, 48, 48)",1,9,0,0,0,0,0,0,0,0
fer0032889.png,"(0, 0, 48, 48)",2,0,0,8,0,0,0,0,0,0
fer0032890.png,"(0, 0, 48, 48)",1,0,0,9,0,0,0,0,0,0
fer0032891.png,"(0, 0, 48, 48)",4,6,0,0,0,0,0,0,0,0
fer0032892.png,"(0, 0, 48, 48)",6,4,0,0,0,0,0,0,0,0
fer0032893.png,"(0, 0, 48, 48)",3,0,0,0,7,0,0,0,0,0
fer0032894.png,"(0, 0, 48, 48)",5,5,0,0,0,0,0,0,0,0
fer0032895.png,"(0, 0, 48, 48)",5,0,0,5,0,0,0,0,0,0
fer0032896.png,"(0, 0, 48, 48)",4,6,0,0,0,0,0,0,0,0
fer0032897.png,"(0, 0, 48, 48)",4,0,6,0,0,0,0,0,0,0
fer0032898.png,"(0, 0, 48, 48)",4,0,0,5,0,0,0,1,0,0
fer0032899.png,"(0, 0, 48, 48)",4,0,0,6,0,0,0,0,0,0
fer0032900.png,"(0, 0, 48, 48)",3,0,7,0,0,0,0,0,0,0
fer0032901.png,"(0, 0, 48, 48)",5,5,0,0,0,0,0,0,0,0
fer0032902.png,"(0, 0, 48, 48)",4,6,0,0,0,0,0,0,0,0
fer0032903.png,"(0, 0, 48, 48)",3,7,0,0,0,0,0,0,0,0
fer0032904.png,"(0, 0, 48, 48)",4,6,0,0,0,0,0,0,0,0
fer0032905.png,"(0, 0, 48, 48)",5,0,0,0,5,0,0,0,0,0
fer0032906.png,"(0, 0, 48, 48)",2,8,0,0,0,0,0,0,0,0
fer0032907.png,"(0, 0, 48, 48)",3,5,0,0,0,0,0,2,0,0
fer0032908.png,"(0, 0, 48, 48)",1,9,0,0,0,0,0,0,0,0
fer0032909.png,"(0, 0, 48, 48)",5,0,0,0,0,0,0,5,0,0
fer0032910.png,"(0, 0, 48, 48)",3,7,0,0,0,0,0,0,0,0
fer0032911.png,"(0, 0, 48, 48)",4,6,0,0,0,0,0,0,0,0
fer0032912.png,"(0, 0, 48, 48)",4,6,0,0,0,0,0,0,0,0
fer0032913.png,"(0, 0, 48, 48)",2,7,0,0,1,0,0,0,0,0
fer0032914.png,"(0, 0, 48, 48)",7,0,0,1,0,0,2,0,0,0
fer0032915.png,"(0, 0, 48, 48)",3,3,0,0,0,2,0,2,0,0
fer0032916.png,"(0, 0, 48, 48)",0,5,0,0,0,0,0,5,0,0
fer0032917.png,"(0, 0, 48, 48)",4,0,6,0,0,0,0,0,0,0
fer0032918.png,"(0, 0, 48, 48)",4,0,0,6,0,0,0,0,0,0
fer0032919.png,"(0, 0, 48, 48)",5,5,0,0,0,0,0,0,0,0
fer0032920.png,"(0, 0, 48, 48)",2,3,0,0,0,0,0,5,0,0
fer0032921.png,"(0, 0, 48, 48)",2,6,2,0,0,0,0,0,0,0
fer0032922.png,"(0, 0, 48, 48)",0,6,4,0,0,0,0,0,0,0
fer0032923.png,"(0, 0, 48, 48)",5,0,0,0,0,0,0,5,0,0
fer0032924.png,"(0, 0, 48, 48)",5,0,0,0,0,0,0,5,0,0
fer0032925.png,"(0, 0, 48, 48)",3,5,0,0,0,0,2,0,0,0
fer0032926.png,"(0, 0, 48, 48)",0,5,0,0,0,5,0,0,0,0
fer0032927.png,"(0, 0, 48, 48)",2,5,0,0,0,0,3,0,0,0
fer0032928.png,"(0, 0, 48, 48)",0,5,0,0,0,0,0,5,0,0
fer0032929.png,"(0, 0, 48, 48)",3,7,0,0,0,0,0,0,0,0
fer0032930.png,"(0, 0, 48, 48)",2,7,0,0,0,0,0,1,0,0
fer0032931.png,"(0, 0, 48, 48)",0,5,0,0,0,0,0,5,0,0
fer0032932.png,"(0, 0, 48, 48)",5,0,0,5,0,0,0,0,0,0
fer0032933.png,"(0, 0, 48, 48)",3,6,0,0,0,0,0,1,0,0
fer0032934.png,"(0, 0, 48, 48)",3,6,0,0,0,0,0,1,0,0
fer0032935.png,"(0, 0, 48, 48)",4,0,0,0,6,0,0,0,0,0
fer0032936.png,"(0, 0, 48, 48)",5,0,0,5,0,0,0,0,0,0
fer0032937.png,"(0, 0, 48, 48)",5,0,5,0,0,0,0,0,0,0
fer0032938.png,"(0, 0, 48, 48)",4,0,6,0,0,0,0,0,0,0
fer0032939.png,"(0, 0, 48, 48)",4,6,0,0,0,0,0,0,0,0
fer0032940.png,"(0, 0, 48, 48)",3,0,7,0,0,0,0,0,0,0
fer0032941.png,"(0, 0, 48, 48)",3,0,0,0,1,0,0,6,0,0
fer0032942.png,"(0, 0, 48, 48)",3,0,0,0,1,0,0,6,0,0
fer0032943.png,"(0, 0, 48, 48)",4,0,0,1,0,0,0,5,0,0
fer0032944.png,"(0, 0, 48, 48)",3,0,0,1,6,0,0,0,0,0
fer0032945.png,"(0, 0, 48, 48)",4,6,0,0,0,0,0,0,0,0
fer0032946.png,"(0, 0, 48, 48)",2,8,0,0,0,0,0,0,0,0
fer0032947.png,"(0, 0, 48, 48)",3,0,0,7,0,0,0,0,0,0
fer0032948.png,"(0, 0, 48, 48)",3,0,0,7,0,0,0,0,0,0
fer0032949.png,"(0, 0, 48, 48)",4,0,0,6,0,0,0,0,0,0
fer0032950.png,"(0, 0, 48, 48)",5,0,0,5,0,0,0,0,0,0
fer0032951.png,"(0, 0, 48, 48)",4,6,0,0,0,0,0,0,0,0
fer0032952.png,"(0, 0, 48, 48)",4,6,0,0,0,0,0,0,0,0
fer0032953.png,"(0, 0, 48, 48)",5,5,0,0,0,0,0,0,0,0
fer0032954.png,"(0, 0, 48, 48)",4,3,0,0,0,0,0,3,0,0
fer0032955.png,"(0, 0, 48, 48)",0,5,0,0,0,0,0,5,0,0
fer0032956.png,"(0, 0, 48, 48)",5,0,0,0,0,0,5,0,0,0
fer0032957.png,"(0, 0, 48, 48)",5,5,0,0,0,0,0,0,0,0
fer0032958.png,"(0, 0, 48, 48)",5,0,3,0,0,0,0,2,0,0
fer0032959.png,"(0, 0, 48, 48)",3,6,0,0,0,0,0,1,0,0
fer0032960.png,"(0, 0, 48, 48)",4,6,0,0,0,0,0,0,0,0
fer0032961.png,"(0, 0, 48, 48)",5,0,0,0,5,0,0,0,0,0
fer0032962.png,"(0, 0, 48, 48)",3,7,0,0,0,0,0,0,0,0
fer0032963.png,"(0, 0, 48, 48)",2,8,0,0,0,0,0,0,0,0
fer0032964.png,"(0, 0, 48, 48)",3,7,0,0,0,0,0,0,0,0
fer0032965.png,"(0, 0, 48, 48)",1,9,0,0,0,0,0,0,0,0
fer0032966.png,"(0, 0, 48, 48)",0,8,0,0,0,0,0,2,0,0
fer0032967.png,"(0, 0, 48, 48)",0,5,0,0,0,0,0,5,0,0
fer0032968.png,"(0, 0, 48, 48)",5,5,0,0,0,0,0,0,0,0
fer0032969.png,"(0, 0, 48, 48)",4,5,1,0,0,0,0,0,0,0
fer0032970.png,"(0, 0, 48, 48)",4,5,1,0,0,0,0,0,0,0
fer0032971.png,"(0, 0, 48, 48)",4,0,1,5,0,0,0,0,0,0
fer0032972.png,"(0, 0, 48, 48)",4,0,1,5,0,0,0,0,0,0
fer0032973.png,"(0, 0, 48, 48)",4,0,1,5,0,0,0,0,0,0
fer0032974.png,"(0, 0, 48, 48)",3,0,3,0,1,0,0,3,0,0
fer0032975.png,"(0, 0, 48, 48)",3,0,3,0,1,0,0,3,0,0
fer0032976.png,"(0, 0, 48, 48)",3,0,5,0,0,0,0,2,0,0
fer0032977.png,"(0, 0, 48, 48)",2,6,0,0,0,0,0,2,0,0
fer0032978.png,"(0, 0, 48, 48)",4,6,0,0,0,0,0,0,0,0
fer0032979.png,"(0, 0, 48, 48)",4,6,0,0,0,0,0,0,0,0
fer0032980.png,"(0, 0, 48, 48)",4,6,0,0,0,0,0,0,0,0
fer0032981.png,"(0, 0, 48, 48)",3,7,0,0,0,0,0,0,0,0
fer0032982.png,"(0, 0, 48, 48)",3,7,0,0,0,0,0,0,0,0
fer0032983.png,"(0, 0, 48, 48)",0,5,0,0,0,0,0,5,0,0
fer0032984.png,"(0, 0, 48, 48)",4,6,0,0,0,0,0,0,0,0
fer0032985.png,"(0, 0, 48, 48)",3,2,0,0,2,0,0,3,0,0
fer0032986.png,"(0, 0, 48, 48)",3,2,0,0,2,0,0,3,0,0
fer0032987.png,"(0, 0, 48, 48)",0,0,4,0,0,0,0,6,0,0
fer0032988.png,"(0, 0, 48, 48)",3,4,2,1,0,0,0,0,0,0
fer0032989.png,"(0, 0, 48, 48)",3,4,2,1,0,0,0,0,0,0
fer0032990.png,"(0, 0, 48, 48)",6,4,0,0,0,0,0,0,0,0
fer0032991.png,"(0, 0, 48, 48)",0,3,0,0,0,0,0,7,0,0
fer0032992.png,"(0, 0, 48, 48)",4,6,0,0,0,0,0,0,0,0
fer0032993.png,"(0, 0, 48, 48)",2,0,0,0,3,0,0,5,0,0
fer0032994.png,"(0, 0, 48, 48)",2,0,0,0,3,0,0,5,0,0
fer0032995.png,"(0, 0, 48, 48)",3,0,0,0,1,0,0,6,0,0
fer0032996.png,"(0, 0, 48, 48)",4,6,0,0,0,0,0,0,0,0
fer0032997.png,"(0, 0, 48, 48)",4,6,0,0,0,0,0,0,0,0
fer0032998.png,"(0, 0, 48, 48)",5,5,0,0,0,0,0,0,0,0
fer0032999.png,"(0, 0, 48, 48)",5,5,0,0,0,0,0,0,0,0
fer0033000.png,"(0, 0, 48, 48)",5,0,0,5,0,0,0,0,0,0
fer0033001.png,"(0, 0, 48, 48)",1,5,0,0,2,0,0,2,0,0
fer0033002.png,"(0, 0, 48, 48)",2,4,0,0,0,0,0,1,3,0
fer0033003.png,"(0, 0, 48, 48)",5,0,0,5,0,0,0,0,0,0
fer0033004.png,"(0, 0, 48, 48)",7,0,0,0,0,0,0,0,3,0
fer0033005.png,"(0, 0, 48, 48)",5,5,0,0,0,0,0,0,0,0
fer0033006.png,"(0, 0, 48, 48)",5,0,5,0,0,0,0,0,0,0
fer0033007.png,"(0, 0, 48, 48)",3,0,7,0,0,0,0,0,0,0
fer0033008.png,"(0, 0, 48, 48)",4,0,0,6,0,0,0,0,0,0
fer0033009.png,"(0, 0, 48, 48)",4,0,6,0,0,0,0,0,0,0
fer0033010.png,"(0, 0, 48, 48)",3,7,0,0,0,0,0,0,0,0
fer0033011.png,"(0, 0, 48, 48)",3,6,1,0,0,0,0,0,0,0
fer0033012.png,"(0, 0, 48, 48)",3,7,0,0,0,0,0,0,0,0
fer0033013.png,"(0, 0, 48, 48)",4,6,0,0,0,0,0,0,0,0
fer0033014.png,"(0, 0, 48, 48)",5,0,1,0,0,0,4,0,0,0
fer0033015.png,"(0, 0, 48, 48)",4,0,0,0,6,0,0,0,0,0
fer0033016.png,"(0, 0, 48, 48)",4,4,2,0,0,0,0,0,0,0
fer0033017.png,"(0, 0, 48, 48)",4,6,0,0,0,0,0,0,0,0
fer0033018.png,"(0, 0, 48, 48)",3,7,0,0,0,0,0,0,0,0
fer0033019.png,"(0, 0, 48, 48)",5,2,0,3,0,0,0,0,0,0
fer0033020.png,"(0, 0, 48, 48)",2,7,1,0,0,0,0,0,0,0
fer0033021.png,"(0, 0, 48, 48)",2,8,0,0,0,0,0,0,0,0
fer0033022.png,"(0, 0, 48, 48)",4,6,0,0,0,0,0,0,0,0
fer0033023.png,"(0, 0, 48, 48)",5,0,5,0,0,0,0,0,0,0
fer0033024.png,"(0, 0, 48, 48)",2,0,0,0,0,7,1,0,0,0
fer0033025.png,"(0, 0, 48, 48)",7,0,0,1,0,0,0,2,0,0
fer0033026.png,"(0, 0, 48, 48)",5,0,0,5,0,0,0,0,0,0
fer0033027.png,"(0, 0, 48, 48)",4,6,0,0,0,0,0,0,0,0
fer0033028.png,"(0, 0, 48, 48)",4,6,0,0,0,0,0,0,0,0
fer0033029.png,"(0, 0, 48, 48)",5,5,0,0,0,0,0,0,0,0
fer0033030.png,"(0, 0, 48, 48)",4,6,0,0,0,0,0,0,0,0
fer0033031.png,"(0, 0, 48, 48)",4,0,0,6,0,0,0,0,0,0
fer0033032.png,"(0, 0, 48, 48)",3,7,0,0,0,0,0,0,0,0
fer0033033.png,"(0, 0, 48, 48)",3,7,0,0,0,0,0,0,0,0
fer0033034.png,"(0, 0, 48, 48)",2,0,0,5,0,0,0,3,0,0
fer0033035.png,"(0, 0, 48, 48)",4,0,4,0,0,0,0,2,0,0
fer0033036.png,"(0, 0, 48, 48)",3,7,0,0,0,0,0,0,0,0
fer0033037.png,"(0, 0, 48, 48)",2,8,0,0,0,0,0,0,0,0
fer0033038.png,"(0, 0, 48, 48)",5,5,0,0,0,0,0,0,0,0
fer0033039.png,"(0, 0, 48, 48)",5,5,0,0,0,0,0,0,0,0
fer0033040.png,"(0, 0, 48, 48)",5,5,0,0,0,0,0,0,0,0
fer0033041.png,"(0, 0, 48, 48)",4,6,0,0,0,0,0,0,0,0
fer0033042.png,"(0, 0, 48, 48)",4,2,0,4,0,0,0,0,0,0
fer0033043.png,"(0, 0, 48, 48)",2,5,3,0,0,0,0,0,0,0
fer0033044.png,"(0, 0, 48, 48)",4,1,0,0,0,0,0,5,0,0
fer0033045.png,"(0, 0, 48, 48)",6,0,0,0,1,0,0,3,0,0
fer0033046.png,"(0, 0, 48, 48)",7,0,3,0,0,0,0,0,0,0
fer0033047.png,"(0, 0, 48, 48)",2,8,0,0,0,0,0,0,0,0
fer0033048.png,"(0, 0, 48, 48)",2,0,0,0,8,0,0,0,0,0
fer0033049.png,"(0, 0, 48, 48)",4,6,0,0,0,0,0,0,0,0
fer0033050.png,"(0, 0, 48, 48)",4,6,0,0,0,0,0,0,0,0
fer0033051.png,"(0, 0, 48, 48)",3,7,0,0,0,0,0,0,0,0
fer0033052.png,"(0, 0, 48, 48)",4,6,0,0,0,0,0,0,0,0
fer0033053.png,"(0, 0, 48, 48)",4,4,0,2,0,0,0,0,0,0
fer0033054.png,"(0, 0, 48, 48)",4,0,0,6,0,0,0,0,0,0
fer0033055.png,"(0, 0, 48, 48)",3,0,0,0,7,0,0,0,0,0
fer0033056.png,"(0, 0, 48, 48)",4,6,0,0,0,0,0,0,0,0
fer0033057.png,"(0, 0, 48, 48)",1,9,0,0,0,0,0,0,0,0
fer0033058.png,"(0, 0, 48, 48)",4,0,6,0,0,0,0,0,0,0
fer0033059.png,"(0, 0, 48, 48)",1,0,0,9,0,0,0,0,0,0
fer0033060.png,"(0, 0, 48, 48)",2,8,0,0,0,0,0,0,0,0
fer0033061.png,"(0, 0, 48, 48)",4,6,0,0,0,0,0,0,0,0
fer0033062.png,"(0, 0, 48, 48)",2,0,0,0,6,0,0,2,0,0
fer0033063.png,"(0, 0, 48, 48)",6,3,0,0,0,0,0,1,0,0
fer0033064.png,"(0, 0, 48, 48)",3,7,0,0,0,0,0,0,0,0
fer0033065.png,"(0, 0, 48, 48)",3,7,0,0,0,0,0,0,0,0
fer0033066.png,"(0, 0, 48, 48)",2,2,0,0,0,6,0,0,0,0
fer0033067.png,"(0, 0, 48, 48)",4,6,0,0,0,0,0,0,0,0
fer0033068.png,"(0, 0, 48, 48)",0,0,0,0,4,2,0,4,0,0
fer0033069.png,"(0, 0, 48, 48)",4,0,0,0,0,0,0,6,0,0
fer0033070.png,"(0, 0, 48, 48)",2,2,6,0,0,0,0,0,0,0
fer0033071.png,"(0, 0, 48, 48)",2,6,0,0,0,0,0,2,0,0
fer0033072.png,"(0, 0, 48, 48)",8,0,0,2,0,0,0,0,0,0
fer0033073.png,"(0, 0, 48, 48)",4,6,0,0,0,0,0,0,0,0
fer0033074.png,"(0, 0, 48, 48)",3,7,0,0,0,0,0,0,0,0
fer0033075.png,"(0, 0, 48, 48)",2,7,0,0,0,0,0,1,0,0
fer0033076.png,"(0, 0, 48, 48)",4,6,0,0,0,0,0,0,0,0
fer0033077.png,"(0, 0, 48, 48)",4,6,0,0,0,0,0,0,0,0
fer0033078.png,"(0, 0, 48, 48)",3,2,2,2,0,0,1,0,0,0
fer0033079.png,"(0, 0, 48, 48)",5,5,0,0,0,0,0,0,0,0
fer0033080.png,"(0, 0, 48, 48)",3,7,0,0,0,0,0,0,0,0
fer0033081.png,"(0, 0, 48, 48)",3,7,0,0,0,0,0,0,0,0
fer0033082.png,"(0, 0, 48, 48)",3,7,0,0,0,0,0,0,0,0
fer0033083.png,"(0, 0, 48, 48)",3,7,0,0,0,0,0,0,0,0
fer0033084.png,"(0, 0, 48, 48)",4,5,0,0,0,0,0,1,0,0
fer0033085.png,"(0, 0, 48, 48)",0,5,0,3,0,0,0,2,0,0
fer0033086.png,"(0, 0, 48, 48)",6,4,0,0,0,0,0,0,0,0
fer0033087.png,"(0, 0, 48, 48)",3,0,0,7,0,0,0,0,0,0
fer0033088.png,"(0, 0, 48, 48)",5,5,0,0,0,0,0,0,0,0
fer0033089.png,"(0, 0, 48, 48)",6,4,0,0,0,0,0,0,0,0
fer0033090.png,"(0, 0, 48, 48)",2,6,2,0,0,0,0,0,0,0
fer0033091.png,"(0, 0, 48, 48)",2,6,2,0,0,0,0,0,0,0
fer0033092.png,"(0, 0, 48, 48)",4,6,0,0,0,0,0,0,0,0
fer0033093.png,"(0, 0, 48, 48)",5,5,0,0,0,0,0,0,0,0
fer0033094.png,"(0, 0, 48, 48)",4,4,0,2,0,0,0,0,0,0
fer0033095.png,"(0, 0, 48, 48)",3,5,0,0,0,0,0,2,0,0
fer0033096.png,"(0, 0, 48, 48)",5,5,0,0,0,0,0,0,0,0
fer0033097.png,"(0, 0, 48, 48)",4,6,0,0,0,0,0,0,0,0
fer0033098.png,"(0, 0, 48, 48)",4,6,0,0,0,0,0,0,0,0
fer0033099.png,"(0, 0, 48, 48)",3,7,0,0,0,0,0,0,0,0
fer0033100.png,"(0, 0, 48, 48)",3,7,0,0,0,0,0,0,0,0
fer0033101.png,"(0, 0, 48, 48)",4,3,3,0,0,0,0,0,0,0
fer0033102.png,"(0, 0, 48, 48)",4,0,3,0,0,0,0,3,0,0
fer0033103.png,"(0, 0, 48, 48)",4,3,3,0,0,0,0,0,0,0
fer0033104.png,"(0, 0, 48, 48)",4,5,0,0,0,0,0,1,0,0
fer0033105.png,"(0, 0, 48, 48)",4,3,3,0,0,0,0,0,0,0
fer0033106.png,"(0, 0, 48, 48)",2,0,0,0,6,0,0,2,0,0
fer0033107.png,"(0, 0, 48, 48)",3,7,0,0,0,0,0,0,0,0
fer0033108.png,"(0, 0, 48, 48)",4,4,0,0,0,0,0,2,0,0
fer0033109.png,"(0, 0, 48, 48)",4,4,0,0,0,0,0,2,0,0
fer0033110.png,"(0, 0, 48, 48)",2,4,0,0,2,0,0,2,0,0
fer0033111.png,"(0, 0, 48, 48)",3,6,0,0,0,0,0,1,0,0
fer0033112.png,"(0, 0, 48, 48)",0,0,1,0,9,0,0,0,0,0
fer0033113.png,"(0, 0, 48, 48)",2,4,0,0,0,0,0,4,0,0
fer0033114.png,"(0, 0, 48, 48)",4,6,0,0,0,0,0,0,0,0
fer0033115.png,"(0, 0, 48, 48)",3,6,0,0,0,0,0,1,,
fer0033116.png,"(0, 0, 48, 48)",2,7,0,0,1,0,0,0,0,0
fer0033117.png,"(0, 0, 48, 48)",3,4,0,2,0,0,0,1,0,0
fer0033118.png,"(0, 0, 48, 48)",4,5,0,0,0,0,0,1,0,0
fer0033119.png,"(0, 0, 48, 48)",3,7,0,0,0,0,0,0,0,0
fer0033120.png,"(0, 0, 48, 48)",3,5,2,0,0,0,0,0,0,0
fer0033121.png,"(0, 0, 48, 48)",3,6,1,0,0,0,0,0,0,0
fer0033122.png,"(0, 0, 48, 48)",3,6,0,0,0,0,0,1,0,0
fer0033123.png,"(0, 0, 48, 48)",4,6,0,0,0,0,0,0,0,0
fer0033124.png,"(0, 0, 48, 48)",3,0,0,7,0,0,0,0,0,0
fer0033125.png,"(0, 0, 48, 48)",2,4,0,0,0,3,0,1,0,0
fer0033126.png,"(0, 0, 48, 48)",4,6,0,0,0,0,0,0,0,0
fer0033127.png,"(0, 0, 48, 48)",5,5,0,0,0,0,0,0,0,0
fer0033128.png,"(0, 0, 48, 48)",3,7,0,0,0,0,0,0,0,0
fer0033129.png,"(0, 0, 48, 48)",5,5,0,0,0,0,0,0,0,0
fer0033130.png,"(0, 0, 48, 48)",3,4,0,0,2,0,0,1,0,0
fer0033131.png,"(0, 0, 48, 48)",5,4,0,0,0,0,0,1,0,0
fer0033132.png,"(0, 0, 48, 48)",5,5,0,0,0,0,0,0,0,0
fer0033133.png,"(0, 0, 48, 48)",6,4,0,0,0,0,0,0,0,0
fer0033134.png,"(0, 0, 48, 48)",4,6,0,0,0,0,0,0,0,0
fer0033135.png,"(0, 0, 48, 48)",3,4,0,0,0,0,0,3,0,0
fer0033136.png,"(0, 0, 48, 48)",3,6,0,0,0,0,0,1,0,0
fer0033137.png,"(0, 0, 48, 48)",4,6,0,0,0,0,0,0,0,0
fer0033138.png,"(0, 0, 48, 48)",4,0,0,6,0,0,0,0,0,0
fer0033139.png,"(0, 0, 48, 48)",2,5,0,0,0,0,0,3,0,0
fer0033140.png,"(0, 0, 48, 48)",0,4,0,0,2,0,0,4,0,0
fer0033141.png,"(0, 0, 48, 48)",4,6,0,0,0,0,0,0,0,0
fer0033142.png,"(0, 0, 48, 48)",3,7,0,0,0,0,0,0,0,0
fer0033143.png,"(0, 0, 48, 48)",3,7,0,0,0,0,0,0,0,0
fer0033144.png,"(0, 0, 48, 48)",4,6,0,0,0,0,0,0,0,0
fer0033145.png,"(0, 0, 48, 48)",2,7,0,0,0,0,0,1,0,0
fer0033146.png,"(0, 0, 48, 48)",0,6,0,0,0,0,0,4,0,0
fer0033147.png,"(0, 0, 48, 48)",5,5,0,0,0,0,0,0,0,0
fer0033148.png,"(0, 0, 48, 48)",2,7,0,0,0,0,0,1,0,0
fer0033149.png,"(0, 0, 48, 48)",0,0,0,4,6,0,0,0,0,0
fer0033150.png,"(0, 0, 48, 48)",2,0,0,3,5,0,0,0,0,0
fer0033151.png,"(0, 0, 48, 48)",7,3,0,0,0,0,0,0,0,0
fer0033152.png,"(0, 0, 48, 48)",4,4,0,0,0,0,0,2,0,0
fer0033153.png,"(0, 0, 48, 48)",1,9,0,0,0,0,0,0,0,0
fer0033154.png,"(0, 0, 48, 48)",4,4,0,0,0,0,0,2,0,0
fer0033155.png,"(0, 0, 48, 48)",4,4,0,0,0,0,0,2,0,0
fer0033156.png,"(0, 0, 48, 48)",4,6,0,0,0,0,0,0,0,0
fer0033157.png,"(0, 0, 48, 48)",2,6,0,0,0,0,0,2,0,0
fer0033158.png,"(0, 0, 48, 48)",3,4,0,0,0,0,0,3,0,0
fer0033159.png,"(0, 0, 48, 48)",5,5,0,0,0,0,0,0,0,0
fer0033160.png,"(0, 0, 48, 48)",4,6,0,0,0,0,0,0,0,0
fer0033161.png,"(0, 0, 48, 48)",3,7,0,0,0,0,0,0,0,0
fer0033162.png,"(0, 0, 48, 48)",3,7,0,0,0,0,0,0,0,0
fer0033163.png,"(0, 0, 48, 48)",3,7,0,0,0,0,0,0,0,0
fer0033164.png,"(0, 0, 48, 48)",3,0,6,1,0,0,0,0,0,0
fer0033165.png,"(0, 0, 48, 48)",5,4,0,0,0,0,0,1,0,0
fer0033166.png,"(0, 0, 48, 48)",3,7,0,0,0,0,0,0,0,0
fer0033167.png,"(0, 0, 48, 48)",7,3,0,0,0,0,0,0,0,0
fer0033168.png,"(0, 0, 48, 48)",3,0,0,7,0,0,0,0,0,0
fer0033169.png,"(0, 0, 48, 48)",3,0,0,7,0,0,0,0,0,0
fer0033170.png,"(0, 0, 48, 48)",1,1,2,2,0,0,4,0,0,0
fer0033171.png,"(0, 0, 48, 48)",3,0,0,7,0,0,0,0,0,0
fer0033172.png,"(0, 0, 48, 48)",2,8,0,0,0,0,0,0,0,0
fer0033173.png,"(0, 0, 48, 48)",4,6,0,0,0,0,0,0,0,0
fer0033174.png,"(0, 0, 48, 48)",5,5,0,0,0,0,0,0,0,0
fer0033175.png,"(0, 0, 48, 48)",4,0,0,6,0,0,0,0,0,0
fer0033176.png,"(0, 0, 48, 48)",4,0,0,6,0,0,0,0,0,0
fer0033177.png,"(0, 0, 48, 48)",3,7,0,0,0,0,0,0,0,0
fer0033178.png,"(0, 0, 48, 48)",3,2,0,5,0,0,0,0,0,0
fer0033179.png,"(0, 0, 48, 48)",6,0,0,4,0,0,0,0,0,0
fer0033180.png,"(0, 0, 48, 48)",5,5,0,0,0,0,0,0,0,0
fer0033181.png,"(0, 0, 48, 48)",4,0,5,1,0,0,0,0,0,0
fer0033182.png,"(0, 0, 48, 48)",6,4,0,0,0,0,0,0,0,0
fer0033183.png,"(0, 0, 48, 48)",6,4,0,0,0,0,0,0,0,0
fer0033184.png,"(0, 0, 48, 48)",4,6,0,0,0,0,0,0,0,0
fer0033185.png,"(0, 0, 48, 48)",4,6,0,0,0,0,0,0,0,0
fer0033186.png,"(0, 0, 48, 48)",0,0,3,0,7,0,0,0,0,0
fer0033187.png,"(0, 0, 48, 48)",3,7,0,0,0,0,0,0,0,0
fer0033188.png,"(0, 0, 48, 48)",3,7,0,0,0,0,0,0,0,0
fer0033189.png,"(0, 0, 48, 48)",4,6,0,0,0,0,0,0,0,0
fer0033190.png,"(0, 0, 48, 48)",4,6,0,0,0,0,0,0,0,0
fer0033191.png,"(0, 0, 48, 48)",4,6,0,0,0,0,0,0,0,0
fer0033192.png,"(0, 0, 48, 48)",5,0,0,0,0,0,0,5,0,0
fer0033193.png,"(0, 0, 48, 48)",4,4,0,0,0,0,0,2,0,0
fer0033194.png,"(0, 0, 48, 48)",4,6,0,0,0,0,0,0,0,0
fer0033195.png,"(0, 0, 48, 48)",0,0,3,7,0,0,0,0,0,0
fer0033196.png,"(0, 0, 48, 48)",0,0,3,7,0,0,0,0,0,0
fer0033197.png,"(0, 0, 48, 48)",0,0,1,9,0,0,0,0,0,0
fer0033198.png,"(0, 0, 48, 48)",3,7,0,0,0,0,0,0,0,0
fer0033199.png,"(0, 0, 48, 48)",3,7,0,0,0,0,0,0,0,0
fer0033200.png,"(0, 0, 48, 48)",4,0,0,6,0,0,0,0,0,0
fer0033201.png,"(0, 0, 48, 48)",4,6,0,0,0,0,0,0,0,0
fer0033202.png,"(0, 0, 48, 48)",0,0,10,0,0,0,0,0,0,0
fer0033203.png,"(0, 0, 48, 48)",0,0,4,6,0,0,0,0,0,0
fer0033204.png,"(0, 0, 48, 48)",0,10,0,0,0,0,0,0,0,0
fer0033205.png,"(0, 0, 48, 48)",0,10,0,0,0,0,0,0,0,0
fer0033206.png,"(0, 0, 48, 48)",5,5,0,0,0,0,0,0,0,0
fer0033207.png,"(0, 0, 48, 48)",4,0,6,0,0,0,0,0,0,0
fer0033208.png,"(0, 0, 48, 48)",7,0,3,0,0,0,0,0,0,0
fer0033209.png,"(0, 0, 48, 48)",0,7,3,0,0,0,0,0,0,0
fer0033210.png,"(0, 0, 48, 48)",4,0,0,4,0,0,0,2,0,0
fer0033211.png,"(0, 0, 48, 48)",0,10,0,0,0,0,0,0,0,0
fer0033212.png,"(0, 0, 48, 48)",0,0,1,9,0,0,0,0,0,0
fer0033213.png,"(0, 0, 48, 48)",0,10,0,0,0,0,0,0,0,0
fer0033214.png,"(0, 0, 48, 48)",0,0,0,5,0,0,0,5,0,0
fer0033215.png,"(0, 0, 48, 48)",0,10,0,0,0,0,0,0,0,0
fer0033216.png,"(0, 0, 48, 48)",0,0,0,5,0,0,0,5,0,0
fer0033217.png,"(0, 0, 48, 48)",0,10,0,0,0,0,0,0,0,0
fer0033218.png,"(0, 0, 48, 48)",2,0,3,5,0,0,0,0,0,0
fer0033219.png,"(0, 0, 48, 48)",7,0,0,3,0,0,0,0,0,0
fer0033220.png,"(0, 0, 48, 48)",7,0,0,3,0,0,0,0,0,0
fer0033221.png,"(0, 0, 48, 48)",1,1,8,0,0,0,0,0,0,0
fer0033222.png,"(0, 0, 48, 48)",1,1,8,0,0,0,0,0,0,0
fer0033223.png,"(0, 0, 48, 48)",0,10,0,0,0,0,0,0,0,0
fer0033224.png,"(0, 0, 48, 48)",1,1,8,0,0,0,0,0,0,0
fer0033225.png,"(0, 0, 48, 48)",1,1,8,0,0,0,0,0,0,0
fer0033226.png,"(0, 0, 48, 48)",4,6,0,0,0,0,0,0,0,0
fer0033227.png,"(0, 0, 48, 48)",4,5,1,0,0,0,0,0,0,0
fer0033228.png,"(0, 0, 48, 48)",2,6,2,0,0,0,0,0,0,0
fer0033229.png,"(0, 0, 48, 48)",4,6,0,0,0,0,0,0,0,0
fer0033230.png,"(0, 0, 48, 48)",3,0,0,7,0,0,0,0,0,0
fer0033231.png,"(0, 0, 48, 48)",0,10,0,0,0,0,0,0,0,0
fer0033232.png,"(0, 0, 48, 48)",1,6,0,0,0,0,0,3,0,0
fer0033233.png,"(0, 0, 48, 48)",0,2,8,0,0,0,0,0,0,0
fer0033234.png,"(0, 0, 48, 48)",1,9,0,0,0,0,0,0,0,0
fer0033235.png,"(0, 0, 48, 48)",1,9,0,0,0,0,0,0,0,0
fer0033236.png,"(0, 0, 48, 48)",1,1,4,0,1,2,0,1,0,0
fer0033237.png,"(0, 0, 48, 48)",5,5,0,0,0,0,0,0,0,0
fer0033238.png,"(0, 0, 48, 48)",5,0,0,5,0,0,0,0,0,0
fer0033239.png,"(0, 0, 48, 48)",5,0,0,5,0,0,0,0,0,0
fer0033240.png,"(0, 0, 48, 48)",6,4,0,0,0,0,0,0,0,0
fer0033241.png,"(0, 0, 48, 48)",3,0,0,2,2,0,0,3,0,0
fer0033242.png,"(0, 0, 48, 48)",4,0,3,3,0,0,0,0,0,0
fer0033243.png,"(0, 0, 48, 48)",2,0,0,0,0,2,4,2,0,0
fer0033244.png,"(0, 0, 48, 48)",5,0,2,0,1,0,0,2,0,0
fer0033245.png,"(0, 0, 48, 48)",4,0,4,0,0,0,0,2,0,0
fer0033246.png,"(0, 0, 48, 48)",1,9,0,0,0,0,0,0,0,0
fer0033247.png,"(0, 0, 48, 48)",1,9,0,0,0,0,0,0,0,0
fer0033248.png,"(0, 0, 48, 48)",4,6,0,0,0,0,0,0,0,0
fer0033249.png,"(0, 0, 48, 48)",0,8,0,0,2,0,0,0,0,0
fer0033250.png,"(0, 0, 48, 48)",3,7,0,0,0,0,0,0,0,0
fer0033251.png,"(0, 0, 48, 48)",3,7,0,0,0,0,0,0,0,0
fer0033252.png,"(0, 0, 48, 48)",0,0,0,0,10,0,0,0,0,0
fer0033253.png,"(0, 0, 48, 48)",0,0,0,0,10,0,0,0,0,0
fer0033254.png,"(0, 0, 48, 48)",2,0,0,6,2,0,0,0,0,0
fer0033255.png,"(0, 0, 48, 48)",0,4,0,0,0,0,0,2,4,0
fer0033256.png,"(0, 0, 48, 48)",2,0,0,0,6,0,0,2,0,0
fer0033257.png,"(0, 0, 48, 48)",0,0,10,0,0,0,0,0,0,0
